1;Lohn & Gehalt;"<svg xmlns=""http://www.w3.org/2000/svg"" height=""24px"" viewBox=""0 -960 960 960"" width=""24px"" fill=""#000000""><path d=""M560-440q-50 0-85-35t-35-85q0-50 35-85t85-35q50 0 85 35t35 85q0 50-35 85t-85 35ZM280-320q-33 0-56.5-23.5T200-400v-320q0-33 23.5-56.5T280-800h560q33 0 56.5 23.5T920-720v320q0 33-23.5 56.5T840-320H280Zm80-80h400q0-33 23.5-56.5T840-480v-160q-33 0-56.5-23.5T760-720H360q0 33-23.5 56.5T280-640v160q33 0 56.5 23.5T360-400Zm440 240H120q-33 0-56.5-23.5T40-240v-440h80v440h680v80ZM280-400v-320 320Z""/></svg>";#000000;black
2;Lohn & Gehalt;"<svg xmlns=""http://www.w3.org/2000/svg"" height=""24px"" viewBox=""0 -960 960 960"" width=""24px"" fill=""#999999""><path d=""M560-440q-50 0-85-35t-35-85q0-50 35-85t85-35q50 0 85 35t35 85q0 50-35 85t-85 35ZM280-320q-33 0-56.5-23.5T200-400v-320q0-33 23.5-56.5T280-800h560q33 0 56.5 23.5T920-720v320q0 33-23.5 56.5T840-320H280Zm80-80h400q0-33 23.5-56.5T840-480v-160q-33 0-56.5-23.5T760-720H360q0 33-23.5 56.5T280-640v160q33 0 56.5 23.5T360-400Zm440 240H120q-33 0-56.5-23.5T40-240v-440h80v440h680v80ZM280-400v-320 320Z""/></svg>";#999999;gray
3;Lohn & Gehalt;"<svg xmlns=""http://www.w3.org/2000/svg"" height=""24px"" viewBox=""0 -960 960 960"" width=""24px"" fill=""#8B1A10""><path d=""M560-440q-50 0-85-35t-35-85q0-50 35-85t85-35q50 0 85 35t35 85q0 50-35 85t-85 35ZM280-320q-33 0-56.5-23.5T200-400v-320q0-33 23.5-56.5T280-800h560q33 0 56.5 23.5T920-720v320q0 33-23.5 56.5T840-320H280Zm80-80h400q0-33 23.5-56.5T840-480v-160q-33 0-56.5-23.5T760-720H360q0 33-23.5 56.5T280-640v160q33 0 56.5 23.5T360-400Zm440 240H120q-33 0-56.5-23.5T40-240v-440h80v440h680v80ZM280-400v-320 320Z""/></svg>";#8B1A10;brown
4;Lohn & Gehalt;"<svg xmlns=""http://www.w3.org/2000/svg"" height=""24px"" viewBox=""0 -960 960 960"" width=""24px"" fill=""#EA3323""><path d=""M560-440q-50 0-85-35t-35-85q0-50 35-85t85-35q50 0 85 35t35 85q0 50-35 85t-85 35ZM280-320q-33 0-56.5-23.5T200-400v-320q0-33 23.5-56.5T280-800h560q33 0 56.5 23.5T920-720v320q0 33-23.5 56.5T840-320H280Zm80-80h400q0-33 23.5-56.5T840-480v-160q-33 0-56.5-23.5T760-720H360q0 33-23.5 56.5T280-640v160q33 0 56.5 23.5T360-400Zm440 240H120q-33 0-56.5-23.5T40-240v-440h80v440h680v80ZM280-400v-320 320Z""/></svg>";#EA3323;red
5;Lohn & Gehalt;"<svg xmlns=""http://www.w3.org/2000/svg"" height=""24px"" viewBox=""0 -960 960 960"" width=""24px"" fill=""#F19E39""><path d=""M560-440q-50 0-85-35t-35-85q0-50 35-85t85-35q50 0 85 35t35 85q0 50-35 85t-85 35ZM280-320q-33 0-56.5-23.5T200-400v-320q0-33 23.5-56.5T280-800h560q33 0 56.5 23.5T920-720v320q0 33-23.5 56.5T840-320H280Zm80-80h400q0-33 23.5-56.5T840-480v-160q-33 0-56.5-23.5T760-720H360q0 33-23.5 56.5T280-640v160q33 0 56.5 23.5T360-400Zm440 240H120q-33 0-56.5-23.5T40-240v-440h80v440h680v80ZM280-400v-320 320Z""/></svg>";#F19E39;orange
6;Lohn & Gehalt;"<svg xmlns=""http://www.w3.org/2000/svg"" height=""24px"" viewBox=""0 -960 960 960"" width=""24px"" fill=""#FFFF55""><path d=""M560-440q-50 0-85-35t-35-85q0-50 35-85t85-35q50 0 85 35t35 85q0 50-35 85t-85 35ZM280-320q-33 0-56.5-23.5T200-400v-320q0-33 23.5-56.5T280-800h560q33 0 56.5 23.5T920-720v320q0 33-23.5 56.5T840-320H280Zm80-80h400q0-33 23.5-56.5T840-480v-160q-33 0-56.5-23.5T760-720H360q0 33-23.5 56.5T280-640v160q33 0 56.5 23.5T360-400Zm440 240H120q-33 0-56.5-23.5T40-240v-440h80v440h680v80ZM280-400v-320 320Z""/></svg>";#FFFF55;yellow
7;Lohn & Gehalt;"<svg xmlns=""http://www.w3.org/2000/svg"" height=""24px"" viewBox=""0 -960 960 960"" width=""24px"" fill=""#75FB4C""><path d=""M560-440q-50 0-85-35t-35-85q0-50 35-85t85-35q50 0 85 35t35 85q0 50-35 85t-85 35ZM280-320q-33 0-56.5-23.5T200-400v-320q0-33 23.5-56.5T280-800h560q33 0 56.5 23.5T920-720v320q0 33-23.5 56.5T840-320H280Zm80-80h400q0-33 23.5-56.5T840-480v-160q-33 0-56.5-23.5T760-720H360q0 33-23.5 56.5T280-640v160q33 0 56.5 23.5T360-400Zm440 240H120q-33 0-56.5-23.5T40-240v-440h80v440h680v80ZM280-400v-320 320Z""/></svg>";#75FB4C;green
8;Lohn & Gehalt;"<svg xmlns=""http://www.w3.org/2000/svg"" height=""24px"" viewBox=""0 -960 960 960"" width=""24px"" fill=""#75FBFD""><path d=""M560-440q-50 0-85-35t-35-85q0-50 35-85t85-35q50 0 85 35t35 85q0 50-35 85t-85 35ZM280-320q-33 0-56.5-23.5T200-400v-320q0-33 23.5-56.5T280-800h560q33 0 56.5 23.5T920-720v320q0 33-23.5 56.5T840-320H280Zm80-80h400q0-33 23.5-56.5T840-480v-160q-33 0-56.5-23.5T760-720H360q0 33-23.5 56.5T280-640v160q33 0 56.5 23.5T360-400Zm440 240H120q-33 0-56.5-23.5T40-240v-440h80v440h680v80ZM280-400v-320 320Z""/></svg>";#75FBFD;turquoise
9;Lohn & Gehalt;"<svg xmlns=""http://www.w3.org/2000/svg"" height=""24px"" viewBox=""0 -960 960 960"" width=""24px"" fill=""#5985E1""><path d=""M560-440q-50 0-85-35t-35-85q0-50 35-85t85-35q50 0 85 35t35 85q0 50-35 85t-85 35ZM280-320q-33 0-56.5-23.5T200-400v-320q0-33 23.5-56.5T280-800h560q33 0 56.5 23.5T920-720v320q0 33-23.5 56.5T840-320H280Zm80-80h400q0-33 23.5-56.5T840-480v-160q-33 0-56.5-23.5T760-720H360q0 33-23.5 56.5T280-640v160q33 0 56.5 23.5T360-400Zm440 240H120q-33 0-56.5-23.5T40-240v-440h80v440h680v80ZM280-400v-320 320Z""/></svg>";#5985E1;lightblue
10;Lohn & Gehalt;"<svg xmlns=""http://www.w3.org/2000/svg"" height=""24px"" viewBox=""0 -960 960 960"" width=""24px"" fill=""#0000F5""><path d=""M560-440q-50 0-85-35t-35-85q0-50 35-85t85-35q50 0 85 35t35 85q0 50-35 85t-85 35ZM280-320q-33 0-56.5-23.5T200-400v-320q0-33 23.5-56.5T280-800h560q33 0 56.5 23.5T920-720v320q0 33-23.5 56.5T840-320H280Zm80-80h400q0-33 23.5-56.5T840-480v-160q-33 0-56.5-23.5T760-720H360q0 33-23.5 56.5T280-640v160q33 0 56.5 23.5T360-400Zm440 240H120q-33 0-56.5-23.5T40-240v-440h80v440h680v80ZM280-400v-320 320Z""/></svg>";#0000F5;blue
11;Lohn & Gehalt;"<svg xmlns=""http://www.w3.org/2000/svg"" height=""24px"" viewBox=""0 -960 960 960"" width=""24px"" fill=""#8C1AF6""><path d=""M560-440q-50 0-85-35t-35-85q0-50 35-85t85-35q50 0 85 35t35 85q0 50-35 85t-85 35ZM280-320q-33 0-56.5-23.5T200-400v-320q0-33 23.5-56.5T280-800h560q33 0 56.5 23.5T920-720v320q0 33-23.5 56.5T840-320H280Zm80-80h400q0-33 23.5-56.5T840-480v-160q-33 0-56.5-23.5T760-720H360q0 33-23.5 56.5T280-640v160q33 0 56.5 23.5T360-400Zm440 240H120q-33 0-56.5-23.5T40-240v-440h80v440h680v80ZM280-400v-320 320Z""/></svg>";#8C1AF6;purple
12;Lohn & Gehalt;"<svg xmlns=""http://www.w3.org/2000/svg"" height=""24px"" viewBox=""0 -960 960 960"" width=""24px"" fill=""#EA33F7""><path d=""M560-440q-50 0-85-35t-35-85q0-50 35-85t85-35q50 0 85 35t35 85q0 50-35 85t-85 35ZM280-320q-33 0-56.5-23.5T200-400v-320q0-33 23.5-56.5T280-800h560q33 0 56.5 23.5T920-720v320q0 33-23.5 56.5T840-320H280Zm80-80h400q0-33 23.5-56.5T840-480v-160q-33 0-56.5-23.5T760-720H360q0 33-23.5 56.5T280-640v160q33 0 56.5 23.5T360-400Zm440 240H120q-33 0-56.5-23.5T40-240v-440h80v440h680v80ZM280-400v-320 320Z""/></svg>";#EA33F7;pink
13;Sonstige Einnahmen;"<svg xmlns=""http://www.w3.org/2000/svg"" height=""24px"" viewBox=""0 -960 960 960"" width=""24px"" fill=""#000000""><path d=""M640-520q17 0 28.5-11.5T680-560q0-17-11.5-28.5T640-600q-17 0-28.5 11.5T600-560q0 17 11.5 28.5T640-520Zm-320-80h200v-80H320v80ZM180-120q-34-114-67-227.5T80-580q0-92 64-156t156-64h200q29-38 70.5-59t89.5-21q25 0 42.5 17.5T720-820q0 6-1.5 12t-3.5 11q-4 11-7.5 22.5T702-751l91 91h87v279l-113 37-67 224H480v-80h-80v80H180Zm60-80h80v-80h240v80h80l62-206 98-33v-141h-40L620-720q0-20 2.5-38.5T630-796q-29 8-51 27.5T547-720H300q-58 0-99 41t-41 99q0 98 27 191.5T240-200Zm240-298Z""/></svg>";#000000;black
14;Sonstige Einnahmen;"<svg xmlns=""http://www.w3.org/2000/svg"" height=""24px"" viewBox=""0 -960 960 960"" width=""24px"" fill=""#999999""><path d=""M640-520q17 0 28.5-11.5T680-560q0-17-11.5-28.5T640-600q-17 0-28.5 11.5T600-560q0 17 11.5 28.5T640-520Zm-320-80h200v-80H320v80ZM180-120q-34-114-67-227.5T80-580q0-92 64-156t156-64h200q29-38 70.5-59t89.5-21q25 0 42.5 17.5T720-820q0 6-1.5 12t-3.5 11q-4 11-7.5 22.5T702-751l91 91h87v279l-113 37-67 224H480v-80h-80v80H180Zm60-80h80v-80h240v80h80l62-206 98-33v-141h-40L620-720q0-20 2.5-38.5T630-796q-29 8-51 27.5T547-720H300q-58 0-99 41t-41 99q0 98 27 191.5T240-200Zm240-298Z""/></svg>";#999999;gray
15;Sonstige Einnahmen;"<svg xmlns=""http://www.w3.org/2000/svg"" height=""24px"" viewBox=""0 -960 960 960"" width=""24px"" fill=""#8B1A10""><path d=""M640-520q17 0 28.5-11.5T680-560q0-17-11.5-28.5T640-600q-17 0-28.5 11.5T600-560q0 17 11.5 28.5T640-520Zm-320-80h200v-80H320v80ZM180-120q-34-114-67-227.5T80-580q0-92 64-156t156-64h200q29-38 70.5-59t89.5-21q25 0 42.5 17.5T720-820q0 6-1.5 12t-3.5 11q-4 11-7.5 22.5T702-751l91 91h87v279l-113 37-67 224H480v-80h-80v80H180Zm60-80h80v-80h240v80h80l62-206 98-33v-141h-40L620-720q0-20 2.5-38.5T630-796q-29 8-51 27.5T547-720H300q-58 0-99 41t-41 99q0 98 27 191.5T240-200Zm240-298Z""/></svg>";#8B1A10;brown
16;Sonstige Einnahmen;"<svg xmlns=""http://www.w3.org/2000/svg"" height=""24px"" viewBox=""0 -960 960 960"" width=""24px"" fill=""#EA3323""><path d=""M640-520q17 0 28.5-11.5T680-560q0-17-11.5-28.5T640-600q-17 0-28.5 11.5T600-560q0 17 11.5 28.5T640-520Zm-320-80h200v-80H320v80ZM180-120q-34-114-67-227.5T80-580q0-92 64-156t156-64h200q29-38 70.5-59t89.5-21q25 0 42.5 17.5T720-820q0 6-1.5 12t-3.5 11q-4 11-7.5 22.5T702-751l91 91h87v279l-113 37-67 224H480v-80h-80v80H180Zm60-80h80v-80h240v80h80l62-206 98-33v-141h-40L620-720q0-20 2.5-38.5T630-796q-29 8-51 27.5T547-720H300q-58 0-99 41t-41 99q0 98 27 191.5T240-200Zm240-298Z""/></svg>";#EA3323;red
17;Sonstige Einnahmen;"<svg xmlns=""http://www.w3.org/2000/svg"" height=""24px"" viewBox=""0 -960 960 960"" width=""24px"" fill=""#F19E39""><path d=""M640-520q17 0 28.5-11.5T680-560q0-17-11.5-28.5T640-600q-17 0-28.5 11.5T600-560q0 17 11.5 28.5T640-520Zm-320-80h200v-80H320v80ZM180-120q-34-114-67-227.5T80-580q0-92 64-156t156-64h200q29-38 70.5-59t89.5-21q25 0 42.5 17.5T720-820q0 6-1.5 12t-3.5 11q-4 11-7.5 22.5T702-751l91 91h87v279l-113 37-67 224H480v-80h-80v80H180Zm60-80h80v-80h240v80h80l62-206 98-33v-141h-40L620-720q0-20 2.5-38.5T630-796q-29 8-51 27.5T547-720H300q-58 0-99 41t-41 99q0 98 27 191.5T240-200Zm240-298Z""/></svg>";#F19E39;orange
18;Sonstige Einnahmen;"<svg xmlns=""http://www.w3.org/2000/svg"" height=""24px"" viewBox=""0 -960 960 960"" width=""24px"" fill=""#FFFF55""><path d=""M640-520q17 0 28.5-11.5T680-560q0-17-11.5-28.5T640-600q-17 0-28.5 11.5T600-560q0 17 11.5 28.5T640-520Zm-320-80h200v-80H320v80ZM180-120q-34-114-67-227.5T80-580q0-92 64-156t156-64h200q29-38 70.5-59t89.5-21q25 0 42.5 17.5T720-820q0 6-1.5 12t-3.5 11q-4 11-7.5 22.5T702-751l91 91h87v279l-113 37-67 224H480v-80h-80v80H180Zm60-80h80v-80h240v80h80l62-206 98-33v-141h-40L620-720q0-20 2.5-38.5T630-796q-29 8-51 27.5T547-720H300q-58 0-99 41t-41 99q0 98 27 191.5T240-200Zm240-298Z""/></svg>";#FFFF55;yellow
19;Sonstige Einnahmen;"<svg xmlns=""http://www.w3.org/2000/svg"" height=""24px"" viewBox=""0 -960 960 960"" width=""24px"" fill=""#75FB4C""><path d=""M640-520q17 0 28.5-11.5T680-560q0-17-11.5-28.5T640-600q-17 0-28.5 11.5T600-560q0 17 11.5 28.5T640-520Zm-320-80h200v-80H320v80ZM180-120q-34-114-67-227.5T80-580q0-92 64-156t156-64h200q29-38 70.5-59t89.5-21q25 0 42.5 17.5T720-820q0 6-1.5 12t-3.5 11q-4 11-7.5 22.5T702-751l91 91h87v279l-113 37-67 224H480v-80h-80v80H180Zm60-80h80v-80h240v80h80l62-206 98-33v-141h-40L620-720q0-20 2.5-38.5T630-796q-29 8-51 27.5T547-720H300q-58 0-99 41t-41 99q0 98 27 191.5T240-200Zm240-298Z""/></svg>";#75FB4C;green
20;Sonstige Einnahmen;"<svg xmlns=""http://www.w3.org/2000/svg"" height=""24px"" viewBox=""0 -960 960 960"" width=""24px"" fill=""#75FBFD""><path d=""M640-520q17 0 28.5-11.5T680-560q0-17-11.5-28.5T640-600q-17 0-28.5 11.5T600-560q0 17 11.5 28.5T640-520Zm-320-80h200v-80H320v80ZM180-120q-34-114-67-227.5T80-580q0-92 64-156t156-64h200q29-38 70.5-59t89.5-21q25 0 42.5 17.5T720-820q0 6-1.5 12t-3.5 11q-4 11-7.5 22.5T702-751l91 91h87v279l-113 37-67 224H480v-80h-80v80H180Zm60-80h80v-80h240v80h80l62-206 98-33v-141h-40L620-720q0-20 2.5-38.5T630-796q-29 8-51 27.5T547-720H300q-58 0-99 41t-41 99q0 98 27 191.5T240-200Zm240-298Z""/></svg>";#75FBFD;turquoise
21;Sonstige Einnahmen;"<svg xmlns=""http://www.w3.org/2000/svg"" height=""24px"" viewBox=""0 -960 960 960"" width=""24px"" fill=""#5985E1""><path d=""M640-520q17 0 28.5-11.5T680-560q0-17-11.5-28.5T640-600q-17 0-28.5 11.5T600-560q0 17 11.5 28.5T640-520Zm-320-80h200v-80H320v80ZM180-120q-34-114-67-227.5T80-580q0-92 64-156t156-64h200q29-38 70.5-59t89.5-21q25 0 42.5 17.5T720-820q0 6-1.5 12t-3.5 11q-4 11-7.5 22.5T702-751l91 91h87v279l-113 37-67 224H480v-80h-80v80H180Zm60-80h80v-80h240v80h80l62-206 98-33v-141h-40L620-720q0-20 2.5-38.5T630-796q-29 8-51 27.5T547-720H300q-58 0-99 41t-41 99q0 98 27 191.5T240-200Zm240-298Z""/></svg>";#5985E1;lightblue
22;Sonstige Einnahmen;"<svg xmlns=""http://www.w3.org/2000/svg"" height=""24px"" viewBox=""0 -960 960 960"" width=""24px"" fill=""#0000F5""><path d=""M640-520q17 0 28.5-11.5T680-560q0-17-11.5-28.5T640-600q-17 0-28.5 11.5T600-560q0 17 11.5 28.5T640-520Zm-320-80h200v-80H320v80ZM180-120q-34-114-67-227.5T80-580q0-92 64-156t156-64h200q29-38 70.5-59t89.5-21q25 0 42.5 17.5T720-820q0 6-1.5 12t-3.5 11q-4 11-7.5 22.5T702-751l91 91h87v279l-113 37-67 224H480v-80h-80v80H180Zm60-80h80v-80h240v80h80l62-206 98-33v-141h-40L620-720q0-20 2.5-38.5T630-796q-29 8-51 27.5T547-720H300q-58 0-99 41t-41 99q0 98 27 191.5T240-200Zm240-298Z""/></svg>";#0000F5;blue
23;Sonstige Einnahmen;"<svg xmlns=""http://www.w3.org/2000/svg"" height=""24px"" viewBox=""0 -960 960 960"" width=""24px"" fill=""#8C1AF6""><path d=""M640-520q17 0 28.5-11.5T680-560q0-17-11.5-28.5T640-600q-17 0-28.5 11.5T600-560q0 17 11.5 28.5T640-520Zm-320-80h200v-80H320v80ZM180-120q-34-114-67-227.5T80-580q0-92 64-156t156-64h200q29-38 70.5-59t89.5-21q25 0 42.5 17.5T720-820q0 6-1.5 12t-3.5 11q-4 11-7.5 22.5T702-751l91 91h87v279l-113 37-67 224H480v-80h-80v80H180Zm60-80h80v-80h240v80h80l62-206 98-33v-141h-40L620-720q0-20 2.5-38.5T630-796q-29 8-51 27.5T547-720H300q-58 0-99 41t-41 99q0 98 27 191.5T240-200Zm240-298Z""/></svg>";#8C1AF6;purple
24;Sonstige Einnahmen;"<svg xmlns=""http://www.w3.org/2000/svg"" height=""24px"" viewBox=""0 -960 960 960"" width=""24px"" fill=""#EA33F7""><path d=""M640-520q17 0 28.5-11.5T680-560q0-17-11.5-28.5T640-600q-17 0-28.5 11.5T600-560q0 17 11.5 28.5T640-520Zm-320-80h200v-80H320v80ZM180-120q-34-114-67-227.5T80-580q0-92 64-156t156-64h200q29-38 70.5-59t89.5-21q25 0 42.5 17.5T720-820q0 6-1.5 12t-3.5 11q-4 11-7.5 22.5T702-751l91 91h87v279l-113 37-67 224H480v-80h-80v80H180Zm60-80h80v-80h240v80h80l62-206 98-33v-141h-40L620-720q0-20 2.5-38.5T630-796q-29 8-51 27.5T547-720H300q-58 0-99 41t-41 99q0 98 27 191.5T240-200Zm240-298Z""/></svg>";#EA33F7;pink
25;Lebenshaltung;"<svg xmlns=""http://www.w3.org/2000/svg"" height=""24px"" viewBox=""0 -960 960 960"" width=""24px"" fill=""#000000""><path d=""M640-80q-100 0-170-70t-70-170q0-100 70-170t170-70q100 0 170 70t70 170q0 100-70 170T640-80Zm0-80q66 0 113-47t47-113q0-66-47-113t-113-47q-66 0-113 47t-47 113q0 66 47 113t113 47Zm-480 0q-33 0-56.5-23.5T80-240v-304q0-8 1.5-16t4.5-16l80-184h-6q-17 0-28.5-11.5T120-800v-40q0-17 11.5-28.5T160-880h280q17 0 28.5 11.5T480-840v40q0 17-11.5 28.5T440-760h-6l66 152q-19 10-36 21t-32 25l-84-198h-96l-92 216v304h170q5 21 13.5 41.5T364-160H160Zm480-440q-42 0-71-29t-29-71q0-42 29-71t71-29v200q0-42 29-71t71-29q42 0 71 29t29 71H640Z""/></svg>";#000000;black
26;Lebenshaltung;"<svg xmlns=""http://www.w3.org/2000/svg"" height=""24px"" viewBox=""0 -960 960 960"" width=""24px"" fill=""#999999""><path d=""M640-80q-100 0-170-70t-70-170q0-100 70-170t170-70q100 0 170 70t70 170q0 100-70 170T640-80Zm0-80q66 0 113-47t47-113q0-66-47-113t-113-47q-66 0-113 47t-47 113q0 66 47 113t113 47Zm-480 0q-33 0-56.5-23.5T80-240v-304q0-8 1.5-16t4.5-16l80-184h-6q-17 0-28.5-11.5T120-800v-40q0-17 11.5-28.5T160-880h280q17 0 28.5 11.5T480-840v40q0 17-11.5 28.5T440-760h-6l66 152q-19 10-36 21t-32 25l-84-198h-96l-92 216v304h170q5 21 13.5 41.5T364-160H160Zm480-440q-42 0-71-29t-29-71q0-42 29-71t71-29v200q0-42 29-71t71-29q42 0 71 29t29 71H640Z""/></svg>";#999999;gray
27;Lebenshaltung;"<svg xmlns=""http://www.w3.org/2000/svg"" height=""24px"" viewBox=""0 -960 960 960"" width=""24px"" fill=""#8B1A10""><path d=""M640-80q-100 0-170-70t-70-170q0-100 70-170t170-70q100 0 170 70t70 170q0 100-70 170T640-80Zm0-80q66 0 113-47t47-113q0-66-47-113t-113-47q-66 0-113 47t-47 113q0 66 47 113t113 47Zm-480 0q-33 0-56.5-23.5T80-240v-304q0-8 1.5-16t4.5-16l80-184h-6q-17 0-28.5-11.5T120-800v-40q0-17 11.5-28.5T160-880h280q17 0 28.5 11.5T480-840v40q0 17-11.5 28.5T440-760h-6l66 152q-19 10-36 21t-32 25l-84-198h-96l-92 216v304h170q5 21 13.5 41.5T364-160H160Zm480-440q-42 0-71-29t-29-71q0-42 29-71t71-29v200q0-42 29-71t71-29q42 0 71 29t29 71H640Z""/></svg>";#8B1A10;brown
28;Lebenshaltung;"<svg xmlns=""http://www.w3.org/2000/svg"" height=""24px"" viewBox=""0 -960 960 960"" width=""24px"" fill=""#EA3323""><path d=""M640-80q-100 0-170-70t-70-170q0-100 70-170t170-70q100 0 170 70t70 170q0 100-70 170T640-80Zm0-80q66 0 113-47t47-113q0-66-47-113t-113-47q-66 0-113 47t-47 113q0 66 47 113t113 47Zm-480 0q-33 0-56.5-23.5T80-240v-304q0-8 1.5-16t4.5-16l80-184h-6q-17 0-28.5-11.5T120-800v-40q0-17 11.5-28.5T160-880h280q17 0 28.5 11.5T480-840v40q0 17-11.5 28.5T440-760h-6l66 152q-19 10-36 21t-32 25l-84-198h-96l-92 216v304h170q5 21 13.5 41.5T364-160H160Zm480-440q-42 0-71-29t-29-71q0-42 29-71t71-29v200q0-42 29-71t71-29q42 0 71 29t29 71H640Z""/></svg>";#EA3323;red
29;Lebenshaltung;"<svg xmlns=""http://www.w3.org/2000/svg"" height=""24px"" viewBox=""0 -960 960 960"" width=""24px"" fill=""#F19E39""><path d=""M640-80q-100 0-170-70t-70-170q0-100 70-170t170-70q100 0 170 70t70 170q0 100-70 170T640-80Zm0-80q66 0 113-47t47-113q0-66-47-113t-113-47q-66 0-113 47t-47 113q0 66 47 113t113 47Zm-480 0q-33 0-56.5-23.5T80-240v-304q0-8 1.5-16t4.5-16l80-184h-6q-17 0-28.5-11.5T120-800v-40q0-17 11.5-28.5T160-880h280q17 0 28.5 11.5T480-840v40q0 17-11.5 28.5T440-760h-6l66 152q-19 10-36 21t-32 25l-84-198h-96l-92 216v304h170q5 21 13.5 41.5T364-160H160Zm480-440q-42 0-71-29t-29-71q0-42 29-71t71-29v200q0-42 29-71t71-29q42 0 71 29t29 71H640Z""/></svg>";#F19E39;orange
30;Lebenshaltung;"<svg xmlns=""http://www.w3.org/2000/svg"" height=""24px"" viewBox=""0 -960 960 960"" width=""24px"" fill=""#FFFF55""><path d=""M640-80q-100 0-170-70t-70-170q0-100 70-170t170-70q100 0 170 70t70 170q0 100-70 170T640-80Zm0-80q66 0 113-47t47-113q0-66-47-113t-113-47q-66 0-113 47t-47 113q0 66 47 113t113 47Zm-480 0q-33 0-56.5-23.5T80-240v-304q0-8 1.5-16t4.5-16l80-184h-6q-17 0-28.5-11.5T120-800v-40q0-17 11.5-28.5T160-880h280q17 0 28.5 11.5T480-840v40q0 17-11.5 28.5T440-760h-6l66 152q-19 10-36 21t-32 25l-84-198h-96l-92 216v304h170q5 21 13.5 41.5T364-160H160Zm480-440q-42 0-71-29t-29-71q0-42 29-71t71-29v200q0-42 29-71t71-29q42 0 71 29t29 71H640Z""/></svg>";#FFFF55;yellow
31;Lebenshaltung;"<svg xmlns=""http://www.w3.org/2000/svg"" height=""24px"" viewBox=""0 -960 960 960"" width=""24px"" fill=""#75FB4C""><path d=""M640-80q-100 0-170-70t-70-170q0-100 70-170t170-70q100 0 170 70t70 170q0 100-70 170T640-80Zm0-80q66 0 113-47t47-113q0-66-47-113t-113-47q-66 0-113 47t-47 113q0 66 47 113t113 47Zm-480 0q-33 0-56.5-23.5T80-240v-304q0-8 1.5-16t4.5-16l80-184h-6q-17 0-28.5-11.5T120-800v-40q0-17 11.5-28.5T160-880h280q17 0 28.5 11.5T480-840v40q0 17-11.5 28.5T440-760h-6l66 152q-19 10-36 21t-32 25l-84-198h-96l-92 216v304h170q5 21 13.5 41.5T364-160H160Zm480-440q-42 0-71-29t-29-71q0-42 29-71t71-29v200q0-42 29-71t71-29q42 0 71 29t29 71H640Z""/></svg>";#75FB4C;green
32;Lebenshaltung;"<svg xmlns=""http://www.w3.org/2000/svg"" height=""24px"" viewBox=""0 -960 960 960"" width=""24px"" fill=""#75FBFD""><path d=""M640-80q-100 0-170-70t-70-170q0-100 70-170t170-70q100 0 170 70t70 170q0 100-70 170T640-80Zm0-80q66 0 113-47t47-113q0-66-47-113t-113-47q-66 0-113 47t-47 113q0 66 47 113t113 47Zm-480 0q-33 0-56.5-23.5T80-240v-304q0-8 1.5-16t4.5-16l80-184h-6q-17 0-28.5-11.5T120-800v-40q0-17 11.5-28.5T160-880h280q17 0 28.5 11.5T480-840v40q0 17-11.5 28.5T440-760h-6l66 152q-19 10-36 21t-32 25l-84-198h-96l-92 216v304h170q5 21 13.5 41.5T364-160H160Zm480-440q-42 0-71-29t-29-71q0-42 29-71t71-29v200q0-42 29-71t71-29q42 0 71 29t29 71H640Z""/></svg>";#75FBFD;turquoise
33;Lebenshaltung;"<svg xmlns=""http://www.w3.org/2000/svg"" height=""24px"" viewBox=""0 -960 960 960"" width=""24px"" fill=""#5985E1""><path d=""M640-80q-100 0-170-70t-70-170q0-100 70-170t170-70q100 0 170 70t70 170q0 100-70 170T640-80Zm0-80q66 0 113-47t47-113q0-66-47-113t-113-47q-66 0-113 47t-47 113q0 66 47 113t113 47Zm-480 0q-33 0-56.5-23.5T80-240v-304q0-8 1.5-16t4.5-16l80-184h-6q-17 0-28.5-11.5T120-800v-40q0-17 11.5-28.5T160-880h280q17 0 28.5 11.5T480-840v40q0 17-11.5 28.5T440-760h-6l66 152q-19 10-36 21t-32 25l-84-198h-96l-92 216v304h170q5 21 13.5 41.5T364-160H160Zm480-440q-42 0-71-29t-29-71q0-42 29-71t71-29v200q0-42 29-71t71-29q42 0 71 29t29 71H640Z""/></svg>";#5985E1;lightblue
34;Lebenshaltung;"<svg xmlns=""http://www.w3.org/2000/svg"" height=""24px"" viewBox=""0 -960 960 960"" width=""24px"" fill=""#0000F5""><path d=""M640-80q-100 0-170-70t-70-170q0-100 70-170t170-70q100 0 170 70t70 170q0 100-70 170T640-80Zm0-80q66 0 113-47t47-113q0-66-47-113t-113-47q-66 0-113 47t-47 113q0 66 47 113t113 47Zm-480 0q-33 0-56.5-23.5T80-240v-304q0-8 1.5-16t4.5-16l80-184h-6q-17 0-28.5-11.5T120-800v-40q0-17 11.5-28.5T160-880h280q17 0 28.5 11.5T480-840v40q0 17-11.5 28.5T440-760h-6l66 152q-19 10-36 21t-32 25l-84-198h-96l-92 216v304h170q5 21 13.5 41.5T364-160H160Zm480-440q-42 0-71-29t-29-71q0-42 29-71t71-29v200q0-42 29-71t71-29q42 0 71 29t29 71H640Z""/></svg>";#0000F5;blue
35;Lebenshaltung;"<svg xmlns=""http://www.w3.org/2000/svg"" height=""24px"" viewBox=""0 -960 960 960"" width=""24px"" fill=""#8C1AF6""><path d=""M640-80q-100 0-170-70t-70-170q0-100 70-170t170-70q100 0 170 70t70 170q0 100-70 170T640-80Zm0-80q66 0 113-47t47-113q0-66-47-113t-113-47q-66 0-113 47t-47 113q0 66 47 113t113 47Zm-480 0q-33 0-56.5-23.5T80-240v-304q0-8 1.5-16t4.5-16l80-184h-6q-17 0-28.5-11.5T120-800v-40q0-17 11.5-28.5T160-880h280q17 0 28.5 11.5T480-840v40q0 17-11.5 28.5T440-760h-6l66 152q-19 10-36 21t-32 25l-84-198h-96l-92 216v304h170q5 21 13.5 41.5T364-160H160Zm480-440q-42 0-71-29t-29-71q0-42 29-71t71-29v200q0-42 29-71t71-29q42 0 71 29t29 71H640Z""/></svg>";#8C1AF6;purple
36;Lebenshaltung;"<svg xmlns=""http://www.w3.org/2000/svg"" height=""24px"" viewBox=""0 -960 960 960"" width=""24px"" fill=""#EA33F7""><path d=""M640-80q-100 0-170-70t-70-170q0-100 70-170t170-70q100 0 170 70t70 170q0 100-70 170T640-80Zm0-80q66 0 113-47t47-113q0-66-47-113t-113-47q-66 0-113 47t-47 113q0 66 47 113t113 47Zm-480 0q-33 0-56.5-23.5T80-240v-304q0-8 1.5-16t4.5-16l80-184h-6q-17 0-28.5-11.5T120-800v-40q0-17 11.5-28.5T160-880h280q17 0 28.5 11.5T480-840v40q0 17-11.5 28.5T440-760h-6l66 152q-19 10-36 21t-32 25l-84-198h-96l-92 216v304h170q5 21 13.5 41.5T364-160H160Zm480-440q-42 0-71-29t-29-71q0-42 29-71t71-29v200q0-42 29-71t71-29q42 0 71 29t29 71H640Z""/></svg>";#EA33F7;pink
37;Freizeit & Unterhaltung;"<svg xmlns=""http://www.w3.org/2000/svg"" height=""24px"" viewBox=""0 -960 960 960"" width=""24px"" fill=""#000000""><path d=""M80-80v-186l350-472-70-94 64-48 56 75 56-75 64 48-70 94 350 472v186H80Zm400-591L160-240v80h120l200-280 200 280h120v-80L480-671ZM378-160h204L480-302 378-160Zm102-280 200 280-200-280-200 280 200-280Z""/></svg>";#000000;black
38;Freizeit & Unterhaltung;"<svg xmlns=""http://www.w3.org/2000/svg"" height=""24px"" viewBox=""0 -960 960 960"" width=""24px"" fill=""#999999""><path d=""M80-80v-186l350-472-70-94 64-48 56 75 56-75 64 48-70 94 350 472v186H80Zm400-591L160-240v80h120l200-280 200 280h120v-80L480-671ZM378-160h204L480-302 378-160Zm102-280 200 280-200-280-200 280 200-280Z""/></svg>";#999999;gray
39;Freizeit & Unterhaltung;"<svg xmlns=""http://www.w3.org/2000/svg"" height=""24px"" viewBox=""0 -960 960 960"" width=""24px"" fill=""#8B1A10""><path d=""M80-80v-186l350-472-70-94 64-48 56 75 56-75 64 48-70 94 350 472v186H80Zm400-591L160-240v80h120l200-280 200 280h120v-80L480-671ZM378-160h204L480-302 378-160Zm102-280 200 280-200-280-200 280 200-280Z""/></svg>";#8B1A10;brown
40;Freizeit & Unterhaltung;"<svg xmlns=""http://www.w3.org/2000/svg"" height=""24px"" viewBox=""0 -960 960 960"" width=""24px"" fill=""#EA3323""><path d=""M80-80v-186l350-472-70-94 64-48 56 75 56-75 64 48-70 94 350 472v186H80Zm400-591L160-240v80h120l200-280 200 280h120v-80L480-671ZM378-160h204L480-302 378-160Zm102-280 200 280-200-280-200 280 200-280Z""/></svg>";#EA3323;red
41;Freizeit & Unterhaltung;"<svg xmlns=""http://www.w3.org/2000/svg"" height=""24px"" viewBox=""0 -960 960 960"" width=""24px"" fill=""#F19E39""><path d=""M80-80v-186l350-472-70-94 64-48 56 75 56-75 64 48-70 94 350 472v186H80Zm400-591L160-240v80h120l200-280 200 280h120v-80L480-671ZM378-160h204L480-302 378-160Zm102-280 200 280-200-280-200 280 200-280Z""/></svg>";#F19E39;orange
42;Freizeit & Unterhaltung;"<svg xmlns=""http://www.w3.org/2000/svg"" height=""24px"" viewBox=""0 -960 960 960"" width=""24px"" fill=""#FFFF55""><path d=""M80-80v-186l350-472-70-94 64-48 56 75 56-75 64 48-70 94 350 472v186H80Zm400-591L160-240v80h120l200-280 200 280h120v-80L480-671ZM378-160h204L480-302 378-160Zm102-280 200 280-200-280-200 280 200-280Z""/></svg>";#FFFF55;yellow
43;Freizeit & Unterhaltung;"<svg xmlns=""http://www.w3.org/2000/svg"" height=""24px"" viewBox=""0 -960 960 960"" width=""24px"" fill=""#75FB4C""><path d=""M80-80v-186l350-472-70-94 64-48 56 75 56-75 64 48-70 94 350 472v186H80Zm400-591L160-240v80h120l200-280 200 280h120v-80L480-671ZM378-160h204L480-302 378-160Zm102-280 200 280-200-280-200 280 200-280Z""/></svg>";#75FB4C;green
44;Freizeit & Unterhaltung;"<svg xmlns=""http://www.w3.org/2000/svg"" height=""24px"" viewBox=""0 -960 960 960"" width=""24px"" fill=""#75FBFD""><path d=""M80-80v-186l350-472-70-94 64-48 56 75 56-75 64 48-70 94 350 472v186H80Zm400-591L160-240v80h120l200-280 200 280h120v-80L480-671ZM378-160h204L480-302 378-160Zm102-280 200 280-200-280-200 280 200-280Z""/></svg>";#75FBFD;turquoise
45;Freizeit & Unterhaltung;"<svg xmlns=""http://www.w3.org/2000/svg"" height=""24px"" viewBox=""0 -960 960 960"" width=""24px"" fill=""#5985E1""><path d=""M80-80v-186l350-472-70-94 64-48 56 75 56-75 64 48-70 94 350 472v186H80Zm400-591L160-240v80h120l200-280 200 280h120v-80L480-671ZM378-160h204L480-302 378-160Zm102-280 200 280-200-280-200 280 200-280Z""/></svg>";#5985E1;lightblue
46;Freizeit & Unterhaltung;"<svg xmlns=""http://www.w3.org/2000/svg"" height=""24px"" viewBox=""0 -960 960 960"" width=""24px"" fill=""#0000F5""><path d=""M80-80v-186l350-472-70-94 64-48 56 75 56-75 64 48-70 94 350 472v186H80Zm400-591L160-240v80h120l200-280 200 280h120v-80L480-671ZM378-160h204L480-302 378-160Zm102-280 200 280-200-280-200 280 200-280Z""/></svg>";#0000F5;blue
47;Freizeit & Unterhaltung;"<svg xmlns=""http://www.w3.org/2000/svg"" height=""24px"" viewBox=""0 -960 960 960"" width=""24px"" fill=""#8C1AF6""><path d=""M80-80v-186l350-472-70-94 64-48 56 75 56-75 64 48-70 94 350 472v186H80Zm400-591L160-240v80h120l200-280 200 280h120v-80L480-671ZM378-160h204L480-302 378-160Zm102-280 200 280-200-280-200 280 200-280Z""/></svg>";#8C1AF6;purple
48;Freizeit & Unterhaltung;"<svg xmlns=""http://www.w3.org/2000/svg"" height=""24px"" viewBox=""0 -960 960 960"" width=""24px"" fill=""#EA33F7""><path d=""M80-80v-186l350-472-70-94 64-48 56 75 56-75 64 48-70 94 350 472v186H80Zm400-591L160-240v80h120l200-280 200 280h120v-80L480-671ZM378-160h204L480-302 378-160Zm102-280 200 280-200-280-200 280 200-280Z""/></svg>";#EA33F7;pink
49;Wohnen & Nebenkosten;"<svg xmlns=""http://www.w3.org/2000/svg"" height=""24px"" viewBox=""0 -960 960 960"" width=""24px"" fill=""#000000""><path d=""M240-200h120v-240h240v240h120v-360L480-740 240-560v360Zm-80 80v-480l320-240 320 240v480H520v-240h-80v240H160Zm320-350Z""/></svg>";#000000;black
50;Wohnen & Nebenkosten;"<svg xmlns=""http://www.w3.org/2000/svg"" height=""24px"" viewBox=""0 -960 960 960"" width=""24px"" fill=""#999999""><path d=""M240-200h120v-240h240v240h120v-360L480-740 240-560v360Zm-80 80v-480l320-240 320 240v480H520v-240h-80v240H160Zm320-350Z""/></svg>";#999999;gray
51;Wohnen & Nebenkosten;"<svg xmlns=""http://www.w3.org/2000/svg"" height=""24px"" viewBox=""0 -960 960 960"" width=""24px"" fill=""#8B1A10""><path d=""M240-200h120v-240h240v240h120v-360L480-740 240-560v360Zm-80 80v-480l320-240 320 240v480H520v-240h-80v240H160Zm320-350Z""/></svg>";#8B1A10;brown
52;Wohnen & Nebenkosten;"<svg xmlns=""http://www.w3.org/2000/svg"" height=""24px"" viewBox=""0 -960 960 960"" width=""24px"" fill=""#EA3323""><path d=""M240-200h120v-240h240v240h120v-360L480-740 240-560v360Zm-80 80v-480l320-240 320 240v480H520v-240h-80v240H160Zm320-350Z""/></svg>";#EA3323;red
53;Wohnen & Nebenkosten;"<svg xmlns=""http://www.w3.org/2000/svg"" height=""24px"" viewBox=""0 -960 960 960"" width=""24px"" fill=""#F19E39""><path d=""M240-200h120v-240h240v240h120v-360L480-740 240-560v360Zm-80 80v-480l320-240 320 240v480H520v-240h-80v240H160Zm320-350Z""/></svg>";#F19E39;orange
54;Wohnen & Nebenkosten;"<svg xmlns=""http://www.w3.org/2000/svg"" height=""24px"" viewBox=""0 -960 960 960"" width=""24px"" fill=""#FFFF55""><path d=""M240-200h120v-240h240v240h120v-360L480-740 240-560v360Zm-80 80v-480l320-240 320 240v480H520v-240h-80v240H160Zm320-350Z""/></svg>";#FFFF55;yellow
55;Wohnen & Nebenkosten;"<svg xmlns=""http://www.w3.org/2000/svg"" height=""24px"" viewBox=""0 -960 960 960"" width=""24px"" fill=""#75FB4C""><path d=""M240-200h120v-240h240v240h120v-360L480-740 240-560v360Zm-80 80v-480l320-240 320 240v480H520v-240h-80v240H160Zm320-350Z""/></svg>";#75FB4C;green
56;Wohnen & Nebenkosten;"<svg xmlns=""http://www.w3.org/2000/svg"" height=""24px"" viewBox=""0 -960 960 960"" width=""24px"" fill=""#75FBFD""><path d=""M240-200h120v-240h240v240h120v-360L480-740 240-560v360Zm-80 80v-480l320-240 320 240v480H520v-240h-80v240H160Zm320-350Z""/></svg>";#75FBFD;turquoise
57;Wohnen & Nebenkosten;"<svg xmlns=""http://www.w3.org/2000/svg"" height=""24px"" viewBox=""0 -960 960 960"" width=""24px"" fill=""#5985E1""><path d=""M240-200h120v-240h240v240h120v-360L480-740 240-560v360Zm-80 80v-480l320-240 320 240v480H520v-240h-80v240H160Zm320-350Z""/></svg>";#5985E1;lightblue
58;Wohnen & Nebenkosten;"<svg xmlns=""http://www.w3.org/2000/svg"" height=""24px"" viewBox=""0 -960 960 960"" width=""24px"" fill=""#0000F5""><path d=""M240-200h120v-240h240v240h120v-360L480-740 240-560v360Zm-80 80v-480l320-240 320 240v480H520v-240h-80v240H160Zm320-350Z""/></svg>";#0000F5;blue
59;Wohnen & Nebenkosten;"<svg xmlns=""http://www.w3.org/2000/svg"" height=""24px"" viewBox=""0 -960 960 960"" width=""24px"" fill=""#8C1AF6""><path d=""M240-200h120v-240h240v240h120v-360L480-740 240-560v360Zm-80 80v-480l320-240 320 240v480H520v-240h-80v240H160Zm320-350Z""/></svg>";#8C1AF6;purple
60;Wohnen & Nebenkosten;"<svg xmlns=""http://www.w3.org/2000/svg"" height=""24px"" viewBox=""0 -960 960 960"" width=""24px"" fill=""#EA33F7""><path d=""M240-200h120v-240h240v240h120v-360L480-740 240-560v360Zm-80 80v-480l320-240 320 240v480H520v-240h-80v240H160Zm320-350Z""/></svg>";#EA33F7;pink
61;Staat & Behörde;"<svg xmlns=""http://www.w3.org/2000/svg"" height=""24px"" viewBox=""0 -960 960 960"" width=""24px"" fill=""#000000""><path d=""M200-120v-680h360l16 80h224v400H520l-16-80H280v280h-80Zm300-440Zm86 160h134v-240H510l-16-80H280v240h290l16 80Z""/></svg>";#000000;black
62;Staat & Behörde;"<svg xmlns=""http://www.w3.org/2000/svg"" height=""24px"" viewBox=""0 -960 960 960"" width=""24px"" fill=""#999999""><path d=""M200-120v-680h360l16 80h224v400H520l-16-80H280v280h-80Zm300-440Zm86 160h134v-240H510l-16-80H280v240h290l16 80Z""/></svg>";#999999;gray
63;Staat & Behörde;"<svg xmlns=""http://www.w3.org/2000/svg"" height=""24px"" viewBox=""0 -960 960 960"" width=""24px"" fill=""#8B1A10""><path d=""M200-120v-680h360l16 80h224v400H520l-16-80H280v280h-80Zm300-440Zm86 160h134v-240H510l-16-80H280v240h290l16 80Z""/></svg>";#8B1A10;brown
64;Staat & Behörde;"<svg xmlns=""http://www.w3.org/2000/svg"" height=""24px"" viewBox=""0 -960 960 960"" width=""24px"" fill=""#EA3323""><path d=""M200-120v-680h360l16 80h224v400H520l-16-80H280v280h-80Zm300-440Zm86 160h134v-240H510l-16-80H280v240h290l16 80Z""/></svg>";#EA3323;red
65;Staat & Behörde;"<svg xmlns=""http://www.w3.org/2000/svg"" height=""24px"" viewBox=""0 -960 960 960"" width=""24px"" fill=""#F19E39""><path d=""M200-120v-680h360l16 80h224v400H520l-16-80H280v280h-80Zm300-440Zm86 160h134v-240H510l-16-80H280v240h290l16 80Z""/></svg>";#F19E39;orange
66;Staat & Behörde;"<svg xmlns=""http://www.w3.org/2000/svg"" height=""24px"" viewBox=""0 -960 960 960"" width=""24px"" fill=""#FFFF55""><path d=""M200-120v-680h360l16 80h224v400H520l-16-80H280v280h-80Zm300-440Zm86 160h134v-240H510l-16-80H280v240h290l16 80Z""/></svg>";#FFFF55;yellow
67;Staat & Behörde;"<svg xmlns=""http://www.w3.org/2000/svg"" height=""24px"" viewBox=""0 -960 960 960"" width=""24px"" fill=""#75FB4C""><path d=""M200-120v-680h360l16 80h224v400H520l-16-80H280v280h-80Zm300-440Zm86 160h134v-240H510l-16-80H280v240h290l16 80Z""/></svg>";#75FB4C;green
68;Staat & Behörde;"<svg xmlns=""http://www.w3.org/2000/svg"" height=""24px"" viewBox=""0 -960 960 960"" width=""24px"" fill=""#75FBFD""><path d=""M200-120v-680h360l16 80h224v400H520l-16-80H280v280h-80Zm300-440Zm86 160h134v-240H510l-16-80H280v240h290l16 80Z""/></svg>";#75FBFD;turquoise
69;Staat & Behörde;"<svg xmlns=""http://www.w3.org/2000/svg"" height=""24px"" viewBox=""0 -960 960 960"" width=""24px"" fill=""#5985E1""><path d=""M200-120v-680h360l16 80h224v400H520l-16-80H280v280h-80Zm300-440Zm86 160h134v-240H510l-16-80H280v240h290l16 80Z""/></svg>";#5985E1;lightblue
70;Staat & Behörde;"<svg xmlns=""http://www.w3.org/2000/svg"" height=""24px"" viewBox=""0 -960 960 960"" width=""24px"" fill=""#0000F5""><path d=""M200-120v-680h360l16 80h224v400H520l-16-80H280v280h-80Zm300-440Zm86 160h134v-240H510l-16-80H280v240h290l16 80Z""/></svg>";#0000F5;blue
71;Staat & Behörde;"<svg xmlns=""http://www.w3.org/2000/svg"" height=""24px"" viewBox=""0 -960 960 960"" width=""24px"" fill=""#8C1AF6""><path d=""M200-120v-680h360l16 80h224v400H520l-16-80H280v280h-80Zm300-440Zm86 160h134v-240H510l-16-80H280v240h290l16 80Z""/></svg>";#8C1AF6;purple
72;Staat & Behörde;"<svg xmlns=""http://www.w3.org/2000/svg"" height=""24px"" viewBox=""0 -960 960 960"" width=""24px"" fill=""#EA33F7""><path d=""M200-120v-680h360l16 80h224v400H520l-16-80H280v280h-80Zm300-440Zm86 160h134v-240H510l-16-80H280v240h290l16 80Z""/></svg>";#EA33F7;pink
73;Finanzen & Versicherungen;"<svg xmlns=""http://www.w3.org/2000/svg"" height=""24px"" viewBox=""0 -960 960 960"" width=""24px"" fill=""#000000""><path d=""M560-440q-50 0-85-35t-35-85q0-50 35-85t85-35q50 0 85 35t35 85q0 50-35 85t-85 35ZM280-320q-33 0-56.5-23.5T200-400v-320q0-33 23.5-56.5T280-800h560q33 0 56.5 23.5T920-720v320q0 33-23.5 56.5T840-320H280Zm80-80h400q0-33 23.5-56.5T840-480v-160q-33 0-56.5-23.5T760-720H360q0 33-23.5 56.5T280-640v160q33 0 56.5 23.5T360-400Zm440 240H120q-33 0-56.5-23.5T40-240v-440h80v440h680v80ZM280-400v-320 320Z""/></svg>";#000000;black
74;Finanzen & Versicherungen;"<svg xmlns=""http://www.w3.org/2000/svg"" height=""24px"" viewBox=""0 -960 960 960"" width=""24px"" fill=""#999999""><path d=""M560-440q-50 0-85-35t-35-85q0-50 35-85t85-35q50 0 85 35t35 85q0 50-35 85t-85 35ZM280-320q-33 0-56.5-23.5T200-400v-320q0-33 23.5-56.5T280-800h560q33 0 56.5 23.5T920-720v320q0 33-23.5 56.5T840-320H280Zm80-80h400q0-33 23.5-56.5T840-480v-160q-33 0-56.5-23.5T760-720H360q0 33-23.5 56.5T280-640v160q33 0 56.5 23.5T360-400Zm440 240H120q-33 0-56.5-23.5T40-240v-440h80v440h680v80ZM280-400v-320 320Z""/></svg>";#999999;gray
75;Finanzen & Versicherungen;"<svg xmlns=""http://www.w3.org/2000/svg"" height=""24px"" viewBox=""0 -960 960 960"" width=""24px"" fill=""#8B1A10""><path d=""M560-440q-50 0-85-35t-35-85q0-50 35-85t85-35q50 0 85 35t35 85q0 50-35 85t-85 35ZM280-320q-33 0-56.5-23.5T200-400v-320q0-33 23.5-56.5T280-800h560q33 0 56.5 23.5T920-720v320q0 33-23.5 56.5T840-320H280Zm80-80h400q0-33 23.5-56.5T840-480v-160q-33 0-56.5-23.5T760-720H360q0 33-23.5 56.5T280-640v160q33 0 56.5 23.5T360-400Zm440 240H120q-33 0-56.5-23.5T40-240v-440h80v440h680v80ZM280-400v-320 320Z""/></svg>";#8B1A10;brown
76;Finanzen & Versicherungen;"<svg xmlns=""http://www.w3.org/2000/svg"" height=""24px"" viewBox=""0 -960 960 960"" width=""24px"" fill=""#EA3323""><path d=""M560-440q-50 0-85-35t-35-85q0-50 35-85t85-35q50 0 85 35t35 85q0 50-35 85t-85 35ZM280-320q-33 0-56.5-23.5T200-400v-320q0-33 23.5-56.5T280-800h560q33 0 56.5 23.5T920-720v320q0 33-23.5 56.5T840-320H280Zm80-80h400q0-33 23.5-56.5T840-480v-160q-33 0-56.5-23.5T760-720H360q0 33-23.5 56.5T280-640v160q33 0 56.5 23.5T360-400Zm440 240H120q-33 0-56.5-23.5T40-240v-440h80v440h680v80ZM280-400v-320 320Z""/></svg>";#EA3323;red
77;Finanzen & Versicherungen;"<svg xmlns=""http://www.w3.org/2000/svg"" height=""24px"" viewBox=""0 -960 960 960"" width=""24px"" fill=""#F19E39""><path d=""M560-440q-50 0-85-35t-35-85q0-50 35-85t85-35q50 0 85 35t35 85q0 50-35 85t-85 35ZM280-320q-33 0-56.5-23.5T200-400v-320q0-33 23.5-56.5T280-800h560q33 0 56.5 23.5T920-720v320q0 33-23.5 56.5T840-320H280Zm80-80h400q0-33 23.5-56.5T840-480v-160q-33 0-56.5-23.5T760-720H360q0 33-23.5 56.5T280-640v160q33 0 56.5 23.5T360-400Zm440 240H120q-33 0-56.5-23.5T40-240v-440h80v440h680v80ZM280-400v-320 320Z""/></svg>";#F19E39;orange
78;Finanzen & Versicherungen;"<svg xmlns=""http://www.w3.org/2000/svg"" height=""24px"" viewBox=""0 -960 960 960"" width=""24px"" fill=""#FFFF55""><path d=""M560-440q-50 0-85-35t-35-85q0-50 35-85t85-35q50 0 85 35t35 85q0 50-35 85t-85 35ZM280-320q-33 0-56.5-23.5T200-400v-320q0-33 23.5-56.5T280-800h560q33 0 56.5 23.5T920-720v320q0 33-23.5 56.5T840-320H280Zm80-80h400q0-33 23.5-56.5T840-480v-160q-33 0-56.5-23.5T760-720H360q0 33-23.5 56.5T280-640v160q33 0 56.5 23.5T360-400Zm440 240H120q-33 0-56.5-23.5T40-240v-440h80v440h680v80ZM280-400v-320 320Z""/></svg>";#FFFF55;yellow
79;Finanzen & Versicherungen;"<svg xmlns=""http://www.w3.org/2000/svg"" height=""24px"" viewBox=""0 -960 960 960"" width=""24px"" fill=""#75FB4C""><path d=""M560-440q-50 0-85-35t-35-85q0-50 35-85t85-35q50 0 85 35t35 85q0 50-35 85t-85 35ZM280-320q-33 0-56.5-23.5T200-400v-320q0-33 23.5-56.5T280-800h560q33 0 56.5 23.5T920-720v320q0 33-23.5 56.5T840-320H280Zm80-80h400q0-33 23.5-56.5T840-480v-160q-33 0-56.5-23.5T760-720H360q0 33-23.5 56.5T280-640v160q33 0 56.5 23.5T360-400Zm440 240H120q-33 0-56.5-23.5T40-240v-440h80v440h680v80ZM280-400v-320 320Z""/></svg>";#75FB4C;green
80;Finanzen & Versicherungen;"<svg xmlns=""http://www.w3.org/2000/svg"" height=""24px"" viewBox=""0 -960 960 960"" width=""24px"" fill=""#75FBFD""><path d=""M560-440q-50 0-85-35t-35-85q0-50 35-85t85-35q50 0 85 35t35 85q0 50-35 85t-85 35ZM280-320q-33 0-56.5-23.5T200-400v-320q0-33 23.5-56.5T280-800h560q33 0 56.5 23.5T920-720v320q0 33-23.5 56.5T840-320H280Zm80-80h400q0-33 23.5-56.5T840-480v-160q-33 0-56.5-23.5T760-720H360q0 33-23.5 56.5T280-640v160q33 0 56.5 23.5T360-400Zm440 240H120q-33 0-56.5-23.5T40-240v-440h80v440h680v80ZM280-400v-320 320Z""/></svg>";#75FBFD;turquoise
81;Finanzen & Versicherungen;"<svg xmlns=""http://www.w3.org/2000/svg"" height=""24px"" viewBox=""0 -960 960 960"" width=""24px"" fill=""#5985E1""><path d=""M560-440q-50 0-85-35t-35-85q0-50 35-85t85-35q50 0 85 35t35 85q0 50-35 85t-85 35ZM280-320q-33 0-56.5-23.5T200-400v-320q0-33 23.5-56.5T280-800h560q33 0 56.5 23.5T920-720v320q0 33-23.5 56.5T840-320H280Zm80-80h400q0-33 23.5-56.5T840-480v-160q-33 0-56.5-23.5T760-720H360q0 33-23.5 56.5T280-640v160q33 0 56.5 23.5T360-400Zm440 240H120q-33 0-56.5-23.5T40-240v-440h80v440h680v80ZM280-400v-320 320Z""/></svg>";#5985E1;lightblue
82;Finanzen & Versicherungen;"<svg xmlns=""http://www.w3.org/2000/svg"" height=""24px"" viewBox=""0 -960 960 960"" width=""24px"" fill=""#0000F5""><path d=""M560-440q-50 0-85-35t-35-85q0-50 35-85t85-35q50 0 85 35t35 85q0 50-35 85t-85 35ZM280-320q-33 0-56.5-23.5T200-400v-320q0-33 23.5-56.5T280-800h560q33 0 56.5 23.5T920-720v320q0 33-23.5 56.5T840-320H280Zm80-80h400q0-33 23.5-56.5T840-480v-160q-33 0-56.5-23.5T760-720H360q0 33-23.5 56.5T280-640v160q33 0 56.5 23.5T360-400Zm440 240H120q-33 0-56.5-23.5T40-240v-440h80v440h680v80ZM280-400v-320 320Z""/></svg>";#0000F5;blue
83;Finanzen & Versicherungen;"<svg xmlns=""http://www.w3.org/2000/svg"" height=""24px"" viewBox=""0 -960 960 960"" width=""24px"" fill=""#8C1AF6""><path d=""M560-440q-50 0-85-35t-35-85q0-50 35-85t85-35q50 0 85 35t35 85q0 50-35 85t-85 35ZM280-320q-33 0-56.5-23.5T200-400v-320q0-33 23.5-56.5T280-800h560q33 0 56.5 23.5T920-720v320q0 33-23.5 56.5T840-320H280Zm80-80h400q0-33 23.5-56.5T840-480v-160q-33 0-56.5-23.5T760-720H360q0 33-23.5 56.5T280-640v160q33 0 56.5 23.5T360-400Zm440 240H120q-33 0-56.5-23.5T40-240v-440h80v440h680v80ZM280-400v-320 320Z""/></svg>";#8C1AF6;purple
84;Finanzen & Versicherungen;"<svg xmlns=""http://www.w3.org/2000/svg"" height=""24px"" viewBox=""0 -960 960 960"" width=""24px"" fill=""#EA33F7""><path d=""M560-440q-50 0-85-35t-35-85q0-50 35-85t85-35q50 0 85 35t35 85q0 50-35 85t-85 35ZM280-320q-33 0-56.5-23.5T200-400v-320q0-33 23.5-56.5T280-800h560q33 0 56.5 23.5T920-720v320q0 33-23.5 56.5T840-320H280Zm80-80h400q0-33 23.5-56.5T840-480v-160q-33 0-56.5-23.5T760-720H360q0 33-23.5 56.5T280-640v160q33 0 56.5 23.5T360-400Zm440 240H120q-33 0-56.5-23.5T40-240v-440h80v440h680v80ZM280-400v-320 320Z""/></svg>";#EA33F7;pink
85;Sonstiges;"<svg xmlns=""http://www.w3.org/2000/svg"" height=""24px"" viewBox=""0 -960 960 960"" width=""24px"" fill=""#000000""><path d=""M441-120v-86q-53-12-91.5-46T293-348l74-30q15 48 44.5 73t77.5 25q41 0 69.5-18.5T587-356q0-35-22-55.5T463-458q-86-27-118-64.5T313-614q0-65 42-101t86-41v-84h80v84q50 8 82.5 36.5T651-650l-74 32q-12-32-34-48t-60-16q-44 0-67 19.5T393-614q0 33 30 52t104 40q69 20 104.5 63.5T667-358q0 71-42 108t-104 46v84h-80Z""/></svg>";#000000;black
86;Sonstiges;"<svg xmlns=""http://www.w3.org/2000/svg"" height=""24px"" viewBox=""0 -960 960 960"" width=""24px"" fill=""#999999""><path d=""M441-120v-86q-53-12-91.5-46T293-348l74-30q15 48 44.5 73t77.5 25q41 0 69.5-18.5T587-356q0-35-22-55.5T463-458q-86-27-118-64.5T313-614q0-65 42-101t86-41v-84h80v84q50 8 82.5 36.5T651-650l-74 32q-12-32-34-48t-60-16q-44 0-67 19.5T393-614q0 33 30 52t104 40q69 20 104.5 63.5T667-358q0 71-42 108t-104 46v84h-80Z""/></svg>";#999999;gray
87;Sonstiges;"<svg xmlns=""http://www.w3.org/2000/svg"" height=""24px"" viewBox=""0 -960 960 960"" width=""24px"" fill=""#8B1A10""><path d=""M441-120v-86q-53-12-91.5-46T293-348l74-30q15 48 44.5 73t77.5 25q41 0 69.5-18.5T587-356q0-35-22-55.5T463-458q-86-27-118-64.5T313-614q0-65 42-101t86-41v-84h80v84q50 8 82.5 36.5T651-650l-74 32q-12-32-34-48t-60-16q-44 0-67 19.5T393-614q0 33 30 52t104 40q69 20 104.5 63.5T667-358q0 71-42 108t-104 46v84h-80Z""/></svg>";#8B1A10;brown
88;Sonstiges;"<svg xmlns=""http://www.w3.org/2000/svg"" height=""24px"" viewBox=""0 -960 960 960"" width=""24px"" fill=""#EA3323""><path d=""M441-120v-86q-53-12-91.5-46T293-348l74-30q15 48 44.5 73t77.5 25q41 0 69.5-18.5T587-356q0-35-22-55.5T463-458q-86-27-118-64.5T313-614q0-65 42-101t86-41v-84h80v84q50 8 82.5 36.5T651-650l-74 32q-12-32-34-48t-60-16q-44 0-67 19.5T393-614q0 33 30 52t104 40q69 20 104.5 63.5T667-358q0 71-42 108t-104 46v84h-80Z""/></svg>";#EA3323;red
89;Sonstiges;"<svg xmlns=""http://www.w3.org/2000/svg"" height=""24px"" viewBox=""0 -960 960 960"" width=""24px"" fill=""#F19E39""><path d=""M441-120v-86q-53-12-91.5-46T293-348l74-30q15 48 44.5 73t77.5 25q41 0 69.5-18.5T587-356q0-35-22-55.5T463-458q-86-27-118-64.5T313-614q0-65 42-101t86-41v-84h80v84q50 8 82.5 36.5T651-650l-74 32q-12-32-34-48t-60-16q-44 0-67 19.5T393-614q0 33 30 52t104 40q69 20 104.5 63.5T667-358q0 71-42 108t-104 46v84h-80Z""/></svg>";#F19E39;orange
90;Sonstiges;"<svg xmlns=""http://www.w3.org/2000/svg"" height=""24px"" viewBox=""0 -960 960 960"" width=""24px"" fill=""#FFFF55""><path d=""M441-120v-86q-53-12-91.5-46T293-348l74-30q15 48 44.5 73t77.5 25q41 0 69.5-18.5T587-356q0-35-22-55.5T463-458q-86-27-118-64.5T313-614q0-65 42-101t86-41v-84h80v84q50 8 82.5 36.5T651-650l-74 32q-12-32-34-48t-60-16q-44 0-67 19.5T393-614q0 33 30 52t104 40q69 20 104.5 63.5T667-358q0 71-42 108t-104 46v84h-80Z""/></svg>";#FFFF55;yellow
91;Sonstiges;"<svg xmlns=""http://www.w3.org/2000/svg"" height=""24px"" viewBox=""0 -960 960 960"" width=""24px"" fill=""#75FB4C""><path d=""M441-120v-86q-53-12-91.5-46T293-348l74-30q15 48 44.5 73t77.5 25q41 0 69.5-18.5T587-356q0-35-22-55.5T463-458q-86-27-118-64.5T313-614q0-65 42-101t86-41v-84h80v84q50 8 82.5 36.5T651-650l-74 32q-12-32-34-48t-60-16q-44 0-67 19.5T393-614q0 33 30 52t104 40q69 20 104.5 63.5T667-358q0 71-42 108t-104 46v84h-80Z""/></svg>";#75FB4C;green
92;Sonstiges;"<svg xmlns=""http://www.w3.org/2000/svg"" height=""24px"" viewBox=""0 -960 960 960"" width=""24px"" fill=""#75FBFD""><path d=""M441-120v-86q-53-12-91.5-46T293-348l74-30q15 48 44.5 73t77.5 25q41 0 69.5-18.5T587-356q0-35-22-55.5T463-458q-86-27-118-64.5T313-614q0-65 42-101t86-41v-84h80v84q50 8 82.5 36.5T651-650l-74 32q-12-32-34-48t-60-16q-44 0-67 19.5T393-614q0 33 30 52t104 40q69 20 104.5 63.5T667-358q0 71-42 108t-104 46v84h-80Z""/></svg>";#75FBFD;turquoise
93;Sonstiges;"<svg xmlns=""http://www.w3.org/2000/svg"" height=""24px"" viewBox=""0 -960 960 960"" width=""24px"" fill=""#5985E1""><path d=""M441-120v-86q-53-12-91.5-46T293-348l74-30q15 48 44.5 73t77.5 25q41 0 69.5-18.5T587-356q0-35-22-55.5T463-458q-86-27-118-64.5T313-614q0-65 42-101t86-41v-84h80v84q50 8 82.5 36.5T651-650l-74 32q-12-32-34-48t-60-16q-44 0-67 19.5T393-614q0 33 30 52t104 40q69 20 104.5 63.5T667-358q0 71-42 108t-104 46v84h-80Z""/></svg>";#5985E1;lightblue
94;Sonstiges;"<svg xmlns=""http://www.w3.org/2000/svg"" height=""24px"" viewBox=""0 -960 960 960"" width=""24px"" fill=""#0000F5""><path d=""M441-120v-86q-53-12-91.5-46T293-348l74-30q15 48 44.5 73t77.5 25q41 0 69.5-18.5T587-356q0-35-22-55.5T463-458q-86-27-118-64.5T313-614q0-65 42-101t86-41v-84h80v84q50 8 82.5 36.5T651-650l-74 32q-12-32-34-48t-60-16q-44 0-67 19.5T393-614q0 33 30 52t104 40q69 20 104.5 63.5T667-358q0 71-42 108t-104 46v84h-80Z""/></svg>";#0000F5;blue
95;Sonstiges;"<svg xmlns=""http://www.w3.org/2000/svg"" height=""24px"" viewBox=""0 -960 960 960"" width=""24px"" fill=""#8C1AF6""><path d=""M441-120v-86q-53-12-91.5-46T293-348l74-30q15 48 44.5 73t77.5 25q41 0 69.5-18.5T587-356q0-35-22-55.5T463-458q-86-27-118-64.5T313-614q0-65 42-101t86-41v-84h80v84q50 8 82.5 36.5T651-650l-74 32q-12-32-34-48t-60-16q-44 0-67 19.5T393-614q0 33 30 52t104 40q69 20 104.5 63.5T667-358q0 71-42 108t-104 46v84h-80Z""/></svg>";#8C1AF6;purple
96;Sonstiges;"<svg xmlns=""http://www.w3.org/2000/svg"" height=""24px"" viewBox=""0 -960 960 960"" width=""24px"" fill=""#EA33F7""><path d=""M441-120v-86q-53-12-91.5-46T293-348l74-30q15 48 44.5 73t77.5 25q41 0 69.5-18.5T587-356q0-35-22-55.5T463-458q-86-27-118-64.5T313-614q0-65 42-101t86-41v-84h80v84q50 8 82.5 36.5T651-650l-74 32q-12-32-34-48t-60-16q-44 0-67 19.5T393-614q0 33 30 52t104 40q69 20 104.5 63.5T667-358q0 71-42 108t-104 46v84h-80Z""/></svg>";#EA33F7;pink
97;Sonstiges;"<svg xmlns=""http://www.w3.org/2000/svg"" height=""24px"" viewBox=""0 -960 960 960"" width=""24px"" fill=""#000000""><path d=""M200-120v-640q0-33 23.5-56.5T280-840h400q33 0 56.5 23.5T760-760v640L480-240 200-120Zm80-122 200-86 200 86v-518H280v518Zm0-518h400-400Z""/></svg>";#000000;black
98;Sonstiges;"<svg xmlns=""http://www.w3.org/2000/svg"" height=""24px"" viewBox=""0 -960 960 960"" width=""24px"" fill=""#999999""><path d=""M200-120v-640q0-33 23.5-56.5T280-840h400q33 0 56.5 23.5T760-760v640L480-240 200-120Zm80-122 200-86 200 86v-518H280v518Zm0-518h400-400Z""/></svg>";#999999;gray
99;Sonstiges;"<svg xmlns=""http://www.w3.org/2000/svg"" height=""24px"" viewBox=""0 -960 960 960"" width=""24px"" fill=""#8B1A10""><path d=""M200-120v-640q0-33 23.5-56.5T280-840h400q33 0 56.5 23.5T760-760v640L480-240 200-120Zm80-122 200-86 200 86v-518H280v518Zm0-518h400-400Z""/></svg>";#8B1A10;brown
100;Sonstiges;"<svg xmlns=""http://www.w3.org/2000/svg"" height=""24px"" viewBox=""0 -960 960 960"" width=""24px"" fill=""#EA3323""><path d=""M200-120v-640q0-33 23.5-56.5T280-840h400q33 0 56.5 23.5T760-760v640L480-240 200-120Zm80-122 200-86 200 86v-518H280v518Zm0-518h400-400Z""/></svg>";#EA3323;red
101;Sonstiges;"<svg xmlns=""http://www.w3.org/2000/svg"" height=""24px"" viewBox=""0 -960 960 960"" width=""24px"" fill=""#F19E39""><path d=""M200-120v-640q0-33 23.5-56.5T280-840h400q33 0 56.5 23.5T760-760v640L480-240 200-120Zm80-122 200-86 200 86v-518H280v518Zm0-518h400-400Z""/></svg>";#F19E39;orange
102;Sonstiges;"<svg xmlns=""http://www.w3.org/2000/svg"" height=""24px"" viewBox=""0 -960 960 960"" width=""24px"" fill=""#FFFF55""><path d=""M200-120v-640q0-33 23.5-56.5T280-840h400q33 0 56.5 23.5T760-760v640L480-240 200-120Zm80-122 200-86 200 86v-518H280v518Zm0-518h400-400Z""/></svg>";#FFFF55;yellow
103;Sonstiges;"<svg xmlns=""http://www.w3.org/2000/svg"" height=""24px"" viewBox=""0 -960 960 960"" width=""24px"" fill=""#75FB4C""><path d=""M200-120v-640q0-33 23.5-56.5T280-840h400q33 0 56.5 23.5T760-760v640L480-240 200-120Zm80-122 200-86 200 86v-518H280v518Zm0-518h400-400Z""/></svg>";#75FB4C;green
104;Sonstiges;"<svg xmlns=""http://www.w3.org/2000/svg"" height=""24px"" viewBox=""0 -960 960 960"" width=""24px"" fill=""#75FBFD""><path d=""M200-120v-640q0-33 23.5-56.5T280-840h400q33 0 56.5 23.5T760-760v640L480-240 200-120Zm80-122 200-86 200 86v-518H280v518Zm0-518h400-400Z""/></svg>";#75FBFD;turquoise
105;Sonstiges;"<svg xmlns=""http://www.w3.org/2000/svg"" height=""24px"" viewBox=""0 -960 960 960"" width=""24px"" fill=""#5985E1""><path d=""M200-120v-640q0-33 23.5-56.5T280-840h400q33 0 56.5 23.5T760-760v640L480-240 200-120Zm80-122 200-86 200 86v-518H280v518Zm0-518h400-400Z""/></svg>";#5985E1;lightblue
106;Sonstiges;"<svg xmlns=""http://www.w3.org/2000/svg"" height=""24px"" viewBox=""0 -960 960 960"" width=""24px"" fill=""#0000F5""><path d=""M200-120v-640q0-33 23.5-56.5T280-840h400q33 0 56.5 23.5T760-760v640L480-240 200-120Zm80-122 200-86 200 86v-518H280v518Zm0-518h400-400Z""/></svg>";#0000F5;blue
107;Sonstiges;"<svg xmlns=""http://www.w3.org/2000/svg"" height=""24px"" viewBox=""0 -960 960 960"" width=""24px"" fill=""#8C1AF6""><path d=""M200-120v-640q0-33 23.5-56.5T280-840h400q33 0 56.5 23.5T760-760v640L480-240 200-120Zm80-122 200-86 200 86v-518H280v518Zm0-518h400-400Z""/></svg>";#8C1AF6;purple
108;Sonstiges;"<svg xmlns=""http://www.w3.org/2000/svg"" height=""24px"" viewBox=""0 -960 960 960"" width=""24px"" fill=""#EA33F7""><path d=""M200-120v-640q0-33 23.5-56.5T280-840h400q33 0 56.5 23.5T760-760v640L480-240 200-120Zm80-122 200-86 200 86v-518H280v518Zm0-518h400-400Z""/></svg>";#EA33F7;pink
109;Sonstiges;"<svg xmlns=""http://www.w3.org/2000/svg"" height=""24px"" viewBox=""0 -960 960 960"" width=""24px"" fill=""#000000""><path d=""m80-160 240-320L80-800h520q19 0 36 8.5t28 23.5l216 288-216 288q-11 15-28 23.5t-36 8.5H80Zm160-80h360l180-240-180-240H240l180 240-180 240Zm270-240Z""/></svg>";#000000;black
110;Sonstiges;"<svg xmlns=""http://www.w3.org/2000/svg"" height=""24px"" viewBox=""0 -960 960 960"" width=""24px"" fill=""#999999""><path d=""m80-160 240-320L80-800h520q19 0 36 8.5t28 23.5l216 288-216 288q-11 15-28 23.5t-36 8.5H80Zm160-80h360l180-240-180-240H240l180 240-180 240Zm270-240Z""/></svg>";#999999;gray
111;Sonstiges;"<svg xmlns=""http://www.w3.org/2000/svg"" height=""24px"" viewBox=""0 -960 960 960"" width=""24px"" fill=""#8B1A10""><path d=""m80-160 240-320L80-800h520q19 0 36 8.5t28 23.5l216 288-216 288q-11 15-28 23.5t-36 8.5H80Zm160-80h360l180-240-180-240H240l180 240-180 240Zm270-240Z""/></svg>";#8B1A10;brown
112;Sonstiges;"<svg xmlns=""http://www.w3.org/2000/svg"" height=""24px"" viewBox=""0 -960 960 960"" width=""24px"" fill=""#EA3323""><path d=""m80-160 240-320L80-800h520q19 0 36 8.5t28 23.5l216 288-216 288q-11 15-28 23.5t-36 8.5H80Zm160-80h360l180-240-180-240H240l180 240-180 240Zm270-240Z""/></svg>";#EA3323;red
113;Sonstiges;"<svg xmlns=""http://www.w3.org/2000/svg"" height=""24px"" viewBox=""0 -960 960 960"" width=""24px"" fill=""#F19E39""><path d=""m80-160 240-320L80-800h520q19 0 36 8.5t28 23.5l216 288-216 288q-11 15-28 23.5t-36 8.5H80Zm160-80h360l180-240-180-240H240l180 240-180 240Zm270-240Z""/></svg>";#F19E39;orange
114;Sonstiges;"<svg xmlns=""http://www.w3.org/2000/svg"" height=""24px"" viewBox=""0 -960 960 960"" width=""24px"" fill=""#FFFF55""><path d=""m80-160 240-320L80-800h520q19 0 36 8.5t28 23.5l216 288-216 288q-11 15-28 23.5t-36 8.5H80Zm160-80h360l180-240-180-240H240l180 240-180 240Zm270-240Z""/></svg>";#FFFF55;yellow
115;Sonstiges;"<svg xmlns=""http://www.w3.org/2000/svg"" height=""24px"" viewBox=""0 -960 960 960"" width=""24px"" fill=""#75FB4C""><path d=""m80-160 240-320L80-800h520q19 0 36 8.5t28 23.5l216 288-216 288q-11 15-28 23.5t-36 8.5H80Zm160-80h360l180-240-180-240H240l180 240-180 240Zm270-240Z""/></svg>";#75FB4C;green
116;Sonstiges;"<svg xmlns=""http://www.w3.org/2000/svg"" height=""24px"" viewBox=""0 -960 960 960"" width=""24px"" fill=""#75FBFD""><path d=""m80-160 240-320L80-800h520q19 0 36 8.5t28 23.5l216 288-216 288q-11 15-28 23.5t-36 8.5H80Zm160-80h360l180-240-180-240H240l180 240-180 240Zm270-240Z""/></svg>";#75FBFD;turquoise
117;Sonstiges;"<svg xmlns=""http://www.w3.org/2000/svg"" height=""24px"" viewBox=""0 -960 960 960"" width=""24px"" fill=""#5985E1""><path d=""m80-160 240-320L80-800h520q19 0 36 8.5t28 23.5l216 288-216 288q-11 15-28 23.5t-36 8.5H80Zm160-80h360l180-240-180-240H240l180 240-180 240Zm270-240Z""/></svg>";#5985E1;lightblue
118;Sonstiges;"<svg xmlns=""http://www.w3.org/2000/svg"" height=""24px"" viewBox=""0 -960 960 960"" width=""24px"" fill=""#0000F5""><path d=""m80-160 240-320L80-800h520q19 0 36 8.5t28 23.5l216 288-216 288q-11 15-28 23.5t-36 8.5H80Zm160-80h360l180-240-180-240H240l180 240-180 240Zm270-240Z""/></svg>";#0000F5;blue
119;Sonstiges;"<svg xmlns=""http://www.w3.org/2000/svg"" height=""24px"" viewBox=""0 -960 960 960"" width=""24px"" fill=""#8C1AF6""><path d=""m80-160 240-320L80-800h520q19 0 36 8.5t28 23.5l216 288-216 288q-11 15-28 23.5t-36 8.5H80Zm160-80h360l180-240-180-240H240l180 240-180 240Zm270-240Z""/></svg>";#8C1AF6;purple
120;Sonstiges;"<svg xmlns=""http://www.w3.org/2000/svg"" height=""24px"" viewBox=""0 -960 960 960"" width=""24px"" fill=""#EA33F7""><path d=""m80-160 240-320L80-800h520q19 0 36 8.5t28 23.5l216 288-216 288q-11 15-28 23.5t-36 8.5H80Zm160-80h360l180-240-180-240H240l180 240-180 240Zm270-240Z""/></svg>";#EA33F7;pink
121;Gesundheit & Pflege;"<svg xmlns=""http://www.w3.org/2000/svg"" height=""24px"" viewBox=""0 -960 960 960"" width=""24px"" fill=""#000000""><path d=""M420-280h120v-100h100v-120H540v-100H420v100H320v120h100v100ZM160-120v-480l320-240 320 240v480H160Zm80-80h480v-360L480-740 240-560v360Zm240-270Z""/></svg>";#000000;black
122;Gesundheit & Pflege;"<svg xmlns=""http://www.w3.org/2000/svg"" height=""24px"" viewBox=""0 -960 960 960"" width=""24px"" fill=""#999999""><path d=""M420-280h120v-100h100v-120H540v-100H420v100H320v120h100v100ZM160-120v-480l320-240 320 240v480H160Zm80-80h480v-360L480-740 240-560v360Zm240-270Z""/></svg>";#999999;gray
123;Gesundheit & Pflege;"<svg xmlns=""http://www.w3.org/2000/svg"" height=""24px"" viewBox=""0 -960 960 960"" width=""24px"" fill=""#8B1A10""><path d=""M420-280h120v-100h100v-120H540v-100H420v100H320v120h100v100ZM160-120v-480l320-240 320 240v480H160Zm80-80h480v-360L480-740 240-560v360Zm240-270Z""/></svg>";#8B1A10;brown
124;Gesundheit & Pflege;"<svg xmlns=""http://www.w3.org/2000/svg"" height=""24px"" viewBox=""0 -960 960 960"" width=""24px"" fill=""#EA3323""><path d=""M420-280h120v-100h100v-120H540v-100H420v100H320v120h100v100ZM160-120v-480l320-240 320 240v480H160Zm80-80h480v-360L480-740 240-560v360Zm240-270Z""/></svg>";#EA3323;red
125;Gesundheit & Pflege;"<svg xmlns=""http://www.w3.org/2000/svg"" height=""24px"" viewBox=""0 -960 960 960"" width=""24px"" fill=""#F19E39""><path d=""M420-280h120v-100h100v-120H540v-100H420v100H320v120h100v100ZM160-120v-480l320-240 320 240v480H160Zm80-80h480v-360L480-740 240-560v360Zm240-270Z""/></svg>";#F19E39;orange
126;Gesundheit & Pflege;"<svg xmlns=""http://www.w3.org/2000/svg"" height=""24px"" viewBox=""0 -960 960 960"" width=""24px"" fill=""#FFFF55""><path d=""M420-280h120v-100h100v-120H540v-100H420v100H320v120h100v100ZM160-120v-480l320-240 320 240v480H160Zm80-80h480v-360L480-740 240-560v360Zm240-270Z""/></svg>";#FFFF55;yellow
127;Gesundheit & Pflege;"<svg xmlns=""http://www.w3.org/2000/svg"" height=""24px"" viewBox=""0 -960 960 960"" width=""24px"" fill=""#75FB4C""><path d=""M420-280h120v-100h100v-120H540v-100H420v100H320v120h100v100ZM160-120v-480l320-240 320 240v480H160Zm80-80h480v-360L480-740 240-560v360Zm240-270Z""/></svg>";#75FB4C;green
128;Gesundheit & Pflege;"<svg xmlns=""http://www.w3.org/2000/svg"" height=""24px"" viewBox=""0 -960 960 960"" width=""24px"" fill=""#75FBFD""><path d=""M420-280h120v-100h100v-120H540v-100H420v100H320v120h100v100ZM160-120v-480l320-240 320 240v480H160Zm80-80h480v-360L480-740 240-560v360Zm240-270Z""/></svg>";#75FBFD;turquoise
129;Gesundheit & Pflege;"<svg xmlns=""http://www.w3.org/2000/svg"" height=""24px"" viewBox=""0 -960 960 960"" width=""24px"" fill=""#5985E1""><path d=""M420-280h120v-100h100v-120H540v-100H420v100H320v120h100v100ZM160-120v-480l320-240 320 240v480H160Zm80-80h480v-360L480-740 240-560v360Zm240-270Z""/></svg>";#5985E1;lightblue
130;Gesundheit & Pflege;"<svg xmlns=""http://www.w3.org/2000/svg"" height=""24px"" viewBox=""0 -960 960 960"" width=""24px"" fill=""#0000F5""><path d=""M420-280h120v-100h100v-120H540v-100H420v100H320v120h100v100ZM160-120v-480l320-240 320 240v480H160Zm80-80h480v-360L480-740 240-560v360Zm240-270Z""/></svg>";#0000F5;blue
131;Gesundheit & Pflege;"<svg xmlns=""http://www.w3.org/2000/svg"" height=""24px"" viewBox=""0 -960 960 960"" width=""24px"" fill=""#8C1AF6""><path d=""M420-280h120v-100h100v-120H540v-100H420v100H320v120h100v100ZM160-120v-480l320-240 320 240v480H160Zm80-80h480v-360L480-740 240-560v360Zm240-270Z""/></svg>";#8C1AF6;purple
132;Gesundheit & Pflege;"<svg xmlns=""http://www.w3.org/2000/svg"" height=""24px"" viewBox=""0 -960 960 960"" width=""24px"" fill=""#EA33F7""><path d=""M420-280h120v-100h100v-120H540v-100H420v100H320v120h100v100ZM160-120v-480l320-240 320 240v480H160Zm80-80h480v-360L480-740 240-560v360Zm240-270Z""/></svg>";#EA33F7;pink
133;Bildung;"<svg xmlns=""http://www.w3.org/2000/svg"" height=""24px"" viewBox=""0 -960 960 960"" width=""24px"" fill=""#000000""><path d=""M480-120 200-272v-240L40-600l440-240 440 240v320h-80v-276l-80 44v240L480-120Zm0-332 274-148-274-148-274 148 274 148Zm0 241 200-108v-151L480-360 280-470v151l200 108Zm0-241Zm0 90Zm0 0Z""/></svg>";#000000;black
134;Bildung;"<svg xmlns=""http://www.w3.org/2000/svg"" height=""24px"" viewBox=""0 -960 960 960"" width=""24px"" fill=""#999999""><path d=""M480-120 200-272v-240L40-600l440-240 440 240v320h-80v-276l-80 44v240L480-120Zm0-332 274-148-274-148-274 148 274 148Zm0 241 200-108v-151L480-360 280-470v151l200 108Zm0-241Zm0 90Zm0 0Z""/></svg>";#999999;gray
135;Bildung;"<svg xmlns=""http://www.w3.org/2000/svg"" height=""24px"" viewBox=""0 -960 960 960"" width=""24px"" fill=""#8B1A10""><path d=""M480-120 200-272v-240L40-600l440-240 440 240v320h-80v-276l-80 44v240L480-120Zm0-332 274-148-274-148-274 148 274 148Zm0 241 200-108v-151L480-360 280-470v151l200 108Zm0-241Zm0 90Zm0 0Z""/></svg>";#8B1A10;brown
136;Bildung;"<svg xmlns=""http://www.w3.org/2000/svg"" height=""24px"" viewBox=""0 -960 960 960"" width=""24px"" fill=""#EA3323""><path d=""M480-120 200-272v-240L40-600l440-240 440 240v320h-80v-276l-80 44v240L480-120Zm0-332 274-148-274-148-274 148 274 148Zm0 241 200-108v-151L480-360 280-470v151l200 108Zm0-241Zm0 90Zm0 0Z""/></svg>";#EA3323;red
137;Bildung;"<svg xmlns=""http://www.w3.org/2000/svg"" height=""24px"" viewBox=""0 -960 960 960"" width=""24px"" fill=""#F19E39""><path d=""M480-120 200-272v-240L40-600l440-240 440 240v320h-80v-276l-80 44v240L480-120Zm0-332 274-148-274-148-274 148 274 148Zm0 241 200-108v-151L480-360 280-470v151l200 108Zm0-241Zm0 90Zm0 0Z""/></svg>";#F19E39;orange
138;Bildung;"<svg xmlns=""http://www.w3.org/2000/svg"" height=""24px"" viewBox=""0 -960 960 960"" width=""24px"" fill=""#FFFF55""><path d=""M480-120 200-272v-240L40-600l440-240 440 240v320h-80v-276l-80 44v240L480-120Zm0-332 274-148-274-148-274 148 274 148Zm0 241 200-108v-151L480-360 280-470v151l200 108Zm0-241Zm0 90Zm0 0Z""/></svg>";#FFFF55;yellow
139;Bildung;"<svg xmlns=""http://www.w3.org/2000/svg"" height=""24px"" viewBox=""0 -960 960 960"" width=""24px"" fill=""#75FB4C""><path d=""M480-120 200-272v-240L40-600l440-240 440 240v320h-80v-276l-80 44v240L480-120Zm0-332 274-148-274-148-274 148 274 148Zm0 241 200-108v-151L480-360 280-470v151l200 108Zm0-241Zm0 90Zm0 0Z""/></svg>";#75FB4C;green
140;Bildung;"<svg xmlns=""http://www.w3.org/2000/svg"" height=""24px"" viewBox=""0 -960 960 960"" width=""24px"" fill=""#75FBFD""><path d=""M480-120 200-272v-240L40-600l440-240 440 240v320h-80v-276l-80 44v240L480-120Zm0-332 274-148-274-148-274 148 274 148Zm0 241 200-108v-151L480-360 280-470v151l200 108Zm0-241Zm0 90Zm0 0Z""/></svg>";#75FBFD;turquoise
141;Bildung;"<svg xmlns=""http://www.w3.org/2000/svg"" height=""24px"" viewBox=""0 -960 960 960"" width=""24px"" fill=""#5985E1""><path d=""M480-120 200-272v-240L40-600l440-240 440 240v320h-80v-276l-80 44v240L480-120Zm0-332 274-148-274-148-274 148 274 148Zm0 241 200-108v-151L480-360 280-470v151l200 108Zm0-241Zm0 90Zm0 0Z""/></svg>";#5985E1;lightblue
142;Bildung;"<svg xmlns=""http://www.w3.org/2000/svg"" height=""24px"" viewBox=""0 -960 960 960"" width=""24px"" fill=""#0000F5""><path d=""M480-120 200-272v-240L40-600l440-240 440 240v320h-80v-276l-80 44v240L480-120Zm0-332 274-148-274-148-274 148 274 148Zm0 241 200-108v-151L480-360 280-470v151l200 108Zm0-241Zm0 90Zm0 0Z""/></svg>";#0000F5;blue
143;Bildung;"<svg xmlns=""http://www.w3.org/2000/svg"" height=""24px"" viewBox=""0 -960 960 960"" width=""24px"" fill=""#8C1AF6""><path d=""M480-120 200-272v-240L40-600l440-240 440 240v320h-80v-276l-80 44v240L480-120Zm0-332 274-148-274-148-274 148 274 148Zm0 241 200-108v-151L480-360 280-470v151l200 108Zm0-241Zm0 90Zm0 0Z""/></svg>";#8C1AF6;purple
144;Bildung;"<svg xmlns=""http://www.w3.org/2000/svg"" height=""24px"" viewBox=""0 -960 960 960"" width=""24px"" fill=""#EA33F7""><path d=""M480-120 200-272v-240L40-600l440-240 440 240v320h-80v-276l-80 44v240L480-120Zm0-332 274-148-274-148-274 148 274 148Zm0 241 200-108v-151L480-360 280-470v151l200 108Zm0-241Zm0 90Zm0 0Z""/></svg>";#EA33F7;pink
145;Urlaub & Reisen;"<svg xmlns=""http://www.w3.org/2000/svg"" height=""24px"" viewBox=""0 -960 960 960"" width=""24px"" fill=""#000000""><path d=""m397-115-99-184-184-99 71-70 145 25 102-102-317-135 84-86 385 68 124-124q23-23 57-23t57 23q23 23 23 56.5T822-709L697-584l68 384-85 85-136-317-102 102 26 144-71 71Z""/></svg>";#000000;black
146;Urlaub & Reisen;"<svg xmlns=""http://www.w3.org/2000/svg"" height=""24px"" viewBox=""0 -960 960 960"" width=""24px"" fill=""#999999""><path d=""m397-115-99-184-184-99 71-70 145 25 102-102-317-135 84-86 385 68 124-124q23-23 57-23t57 23q23 23 23 56.5T822-709L697-584l68 384-85 85-136-317-102 102 26 144-71 71Z""/></svg>";#999999;gray
147;Urlaub & Reisen;"<svg xmlns=""http://www.w3.org/2000/svg"" height=""24px"" viewBox=""0 -960 960 960"" width=""24px"" fill=""#8B1A10""><path d=""m397-115-99-184-184-99 71-70 145 25 102-102-317-135 84-86 385 68 124-124q23-23 57-23t57 23q23 23 23 56.5T822-709L697-584l68 384-85 85-136-317-102 102 26 144-71 71Z""/></svg>";#8B1A10;brown
148;Urlaub & Reisen;"<svg xmlns=""http://www.w3.org/2000/svg"" height=""24px"" viewBox=""0 -960 960 960"" width=""24px"" fill=""#EA3323""><path d=""m397-115-99-184-184-99 71-70 145 25 102-102-317-135 84-86 385 68 124-124q23-23 57-23t57 23q23 23 23 56.5T822-709L697-584l68 384-85 85-136-317-102 102 26 144-71 71Z""/></svg>";#EA3323;red
149;Urlaub & Reisen;"<svg xmlns=""http://www.w3.org/2000/svg"" height=""24px"" viewBox=""0 -960 960 960"" width=""24px"" fill=""#F19E39""><path d=""m397-115-99-184-184-99 71-70 145 25 102-102-317-135 84-86 385 68 124-124q23-23 57-23t57 23q23 23 23 56.5T822-709L697-584l68 384-85 85-136-317-102 102 26 144-71 71Z""/></svg>";#F19E39;orange
150;Urlaub & Reisen;"<svg xmlns=""http://www.w3.org/2000/svg"" height=""24px"" viewBox=""0 -960 960 960"" width=""24px"" fill=""#FFFF55""><path d=""m397-115-99-184-184-99 71-70 145 25 102-102-317-135 84-86 385 68 124-124q23-23 57-23t57 23q23 23 23 56.5T822-709L697-584l68 384-85 85-136-317-102 102 26 144-71 71Z""/></svg>";#FFFF55;yellow
151;Urlaub & Reisen;"<svg xmlns=""http://www.w3.org/2000/svg"" height=""24px"" viewBox=""0 -960 960 960"" width=""24px"" fill=""#75FB4C""><path d=""m397-115-99-184-184-99 71-70 145 25 102-102-317-135 84-86 385 68 124-124q23-23 57-23t57 23q23 23 23 56.5T822-709L697-584l68 384-85 85-136-317-102 102 26 144-71 71Z""/></svg>";#75FB4C;green
152;Urlaub & Reisen;"<svg xmlns=""http://www.w3.org/2000/svg"" height=""24px"" viewBox=""0 -960 960 960"" width=""24px"" fill=""#75FBFD""><path d=""m397-115-99-184-184-99 71-70 145 25 102-102-317-135 84-86 385 68 124-124q23-23 57-23t57 23q23 23 23 56.5T822-709L697-584l68 384-85 85-136-317-102 102 26 144-71 71Z""/></svg>";#75FBFD;turquoise
153;Urlaub & Reisen;"<svg xmlns=""http://www.w3.org/2000/svg"" height=""24px"" viewBox=""0 -960 960 960"" width=""24px"" fill=""#5985E1""><path d=""m397-115-99-184-184-99 71-70 145 25 102-102-317-135 84-86 385 68 124-124q23-23 57-23t57 23q23 23 23 56.5T822-709L697-584l68 384-85 85-136-317-102 102 26 144-71 71Z""/></svg>";#5985E1;lightblue
154;Urlaub & Reisen;"<svg xmlns=""http://www.w3.org/2000/svg"" height=""24px"" viewBox=""0 -960 960 960"" width=""24px"" fill=""#0000F5""><path d=""m397-115-99-184-184-99 71-70 145 25 102-102-317-135 84-86 385 68 124-124q23-23 57-23t57 23q23 23 23 56.5T822-709L697-584l68 384-85 85-136-317-102 102 26 144-71 71Z""/></svg>";#0000F5;blue
155;Urlaub & Reisen;"<svg xmlns=""http://www.w3.org/2000/svg"" height=""24px"" viewBox=""0 -960 960 960"" width=""24px"" fill=""#8C1AF6""><path d=""m397-115-99-184-184-99 71-70 145 25 102-102-317-135 84-86 385 68 124-124q23-23 57-23t57 23q23 23 23 56.5T822-709L697-584l68 384-85 85-136-317-102 102 26 144-71 71Z""/></svg>";#8C1AF6;purple
156;Urlaub & Reisen;"<svg xmlns=""http://www.w3.org/2000/svg"" height=""24px"" viewBox=""0 -960 960 960"" width=""24px"" fill=""#EA33F7""><path d=""m397-115-99-184-184-99 71-70 145 25 102-102-317-135 84-86 385 68 124-124q23-23 57-23t57 23q23 23 23 56.5T822-709L697-584l68 384-85 85-136-317-102 102 26 144-71 71Z""/></svg>";#EA33F7;pink
157;Haushaltsgeräte & Elektronik;"<svg xmlns=""http://www.w3.org/2000/svg"" height=""24px"" viewBox=""0 -960 960 960"" width=""24px"" fill=""#000000""><path d=""M320-120v-80h80v-80H160q-33 0-56.5-23.5T80-360v-400q0-33 23.5-56.5T160-840h640q33 0 56.5 23.5T880-760v400q0 33-23.5 56.5T800-280H560v80h80v80H320ZM160-360h640v-400H160v400Zm0 0v-400 400Z""/></svg>";#000000;black
158;Haushaltsgeräte & Elektronik;"<svg xmlns=""http://www.w3.org/2000/svg"" height=""24px"" viewBox=""0 -960 960 960"" width=""24px"" fill=""#999999""><path d=""M320-120v-80h80v-80H160q-33 0-56.5-23.5T80-360v-400q0-33 23.5-56.5T160-840h640q33 0 56.5 23.5T880-760v400q0 33-23.5 56.5T800-280H560v80h80v80H320ZM160-360h640v-400H160v400Zm0 0v-400 400Z""/></svg>";#999999;gray
159;Haushaltsgeräte & Elektronik;"<svg xmlns=""http://www.w3.org/2000/svg"" height=""24px"" viewBox=""0 -960 960 960"" width=""24px"" fill=""#8B1A10""><path d=""M320-120v-80h80v-80H160q-33 0-56.5-23.5T80-360v-400q0-33 23.5-56.5T160-840h640q33 0 56.5 23.5T880-760v400q0 33-23.5 56.5T800-280H560v80h80v80H320ZM160-360h640v-400H160v400Zm0 0v-400 400Z""/></svg>";#8B1A10;brown
160;Haushaltsgeräte & Elektronik;"<svg xmlns=""http://www.w3.org/2000/svg"" height=""24px"" viewBox=""0 -960 960 960"" width=""24px"" fill=""#EA3323""><path d=""M320-120v-80h80v-80H160q-33 0-56.5-23.5T80-360v-400q0-33 23.5-56.5T160-840h640q33 0 56.5 23.5T880-760v400q0 33-23.5 56.5T800-280H560v80h80v80H320ZM160-360h640v-400H160v400Zm0 0v-400 400Z""/></svg>";#EA3323;red
161;Haushaltsgeräte & Elektronik;"<svg xmlns=""http://www.w3.org/2000/svg"" height=""24px"" viewBox=""0 -960 960 960"" width=""24px"" fill=""#F19E39""><path d=""M320-120v-80h80v-80H160q-33 0-56.5-23.5T80-360v-400q0-33 23.5-56.5T160-840h640q33 0 56.5 23.5T880-760v400q0 33-23.5 56.5T800-280H560v80h80v80H320ZM160-360h640v-400H160v400Zm0 0v-400 400Z""/></svg>";#F19E39;orange
162;Haushaltsgeräte & Elektronik;"<svg xmlns=""http://www.w3.org/2000/svg"" height=""24px"" viewBox=""0 -960 960 960"" width=""24px"" fill=""#FFFF55""><path d=""M320-120v-80h80v-80H160q-33 0-56.5-23.5T80-360v-400q0-33 23.5-56.5T160-840h640q33 0 56.5 23.5T880-760v400q0 33-23.5 56.5T800-280H560v80h80v80H320ZM160-360h640v-400H160v400Zm0 0v-400 400Z""/></svg>";#FFFF55;yellow
163;Haushaltsgeräte & Elektronik;"<svg xmlns=""http://www.w3.org/2000/svg"" height=""24px"" viewBox=""0 -960 960 960"" width=""24px"" fill=""#75FB4C""><path d=""M320-120v-80h80v-80H160q-33 0-56.5-23.5T80-360v-400q0-33 23.5-56.5T160-840h640q33 0 56.5 23.5T880-760v400q0 33-23.5 56.5T800-280H560v80h80v80H320ZM160-360h640v-400H160v400Zm0 0v-400 400Z""/></svg>";#75FB4C;green
164;Haushaltsgeräte & Elektronik;"<svg xmlns=""http://www.w3.org/2000/svg"" height=""24px"" viewBox=""0 -960 960 960"" width=""24px"" fill=""#75FBFD""><path d=""M320-120v-80h80v-80H160q-33 0-56.5-23.5T80-360v-400q0-33 23.5-56.5T160-840h640q33 0 56.5 23.5T880-760v400q0 33-23.5 56.5T800-280H560v80h80v80H320ZM160-360h640v-400H160v400Zm0 0v-400 400Z""/></svg>";#75FBFD;turquoise
165;Haushaltsgeräte & Elektronik;"<svg xmlns=""http://www.w3.org/2000/svg"" height=""24px"" viewBox=""0 -960 960 960"" width=""24px"" fill=""#5985E1""><path d=""M320-120v-80h80v-80H160q-33 0-56.5-23.5T80-360v-400q0-33 23.5-56.5T160-840h640q33 0 56.5 23.5T880-760v400q0 33-23.5 56.5T800-280H560v80h80v80H320ZM160-360h640v-400H160v400Zm0 0v-400 400Z""/></svg>";#5985E1;lightblue
166;Haushaltsgeräte & Elektronik;"<svg xmlns=""http://www.w3.org/2000/svg"" height=""24px"" viewBox=""0 -960 960 960"" width=""24px"" fill=""#0000F5""><path d=""M320-120v-80h80v-80H160q-33 0-56.5-23.5T80-360v-400q0-33 23.5-56.5T160-840h640q33 0 56.5 23.5T880-760v400q0 33-23.5 56.5T800-280H560v80h80v80H320ZM160-360h640v-400H160v400Zm0 0v-400 400Z""/></svg>";#0000F5;blue
167;Haushaltsgeräte & Elektronik;"<svg xmlns=""http://www.w3.org/2000/svg"" height=""24px"" viewBox=""0 -960 960 960"" width=""24px"" fill=""#8C1AF6""><path d=""M320-120v-80h80v-80H160q-33 0-56.5-23.5T80-360v-400q0-33 23.5-56.5T160-840h640q33 0 56.5 23.5T880-760v400q0 33-23.5 56.5T800-280H560v80h80v80H320ZM160-360h640v-400H160v400Zm0 0v-400 400Z""/></svg>";#8C1AF6;purple
168;Haushaltsgeräte & Elektronik;"<svg xmlns=""http://www.w3.org/2000/svg"" height=""24px"" viewBox=""0 -960 960 960"" width=""24px"" fill=""#EA33F7""><path d=""M320-120v-80h80v-80H160q-33 0-56.5-23.5T80-360v-400q0-33 23.5-56.5T160-840h640q33 0 56.5 23.5T880-760v400q0 33-23.5 56.5T800-280H560v80h80v80H320ZM160-360h640v-400H160v400Zm0 0v-400 400Z""/></svg>";#EA33F7;pink
169;Mobilität;"<svg xmlns=""http://www.w3.org/2000/svg"" height=""24px"" viewBox=""0 -960 960 960"" width=""24px"" fill=""#000000""><path d=""M240-200v40q0 17-11.5 28.5T200-120h-40q-17 0-28.5-11.5T120-160v-320l84-240q6-18 21.5-29t34.5-11h440q19 0 34.5 11t21.5 29l84 240v320q0 17-11.5 28.5T800-120h-40q-17 0-28.5-11.5T720-160v-40H240Zm-8-360h496l-42-120H274l-42 120Zm-32 80v200-200Zm100 160q25 0 42.5-17.5T360-380q0-25-17.5-42.5T300-440q-25 0-42.5 17.5T240-380q0 25 17.5 42.5T300-320Zm360 0q25 0 42.5-17.5T720-380q0-25-17.5-42.5T660-440q-25 0-42.5 17.5T600-380q0 25 17.5 42.5T660-320Zm-460 40h560v-200H200v200Z""/></svg>";#000000;black
170;Mobilität;"<svg xmlns=""http://www.w3.org/2000/svg"" height=""24px"" viewBox=""0 -960 960 960"" width=""24px"" fill=""#999999""><path d=""M240-200v40q0 17-11.5 28.5T200-120h-40q-17 0-28.5-11.5T120-160v-320l84-240q6-18 21.5-29t34.5-11h440q19 0 34.5 11t21.5 29l84 240v320q0 17-11.5 28.5T800-120h-40q-17 0-28.5-11.5T720-160v-40H240Zm-8-360h496l-42-120H274l-42 120Zm-32 80v200-200Zm100 160q25 0 42.5-17.5T360-380q0-25-17.5-42.5T300-440q-25 0-42.5 17.5T240-380q0 25 17.5 42.5T300-320Zm360 0q25 0 42.5-17.5T720-380q0-25-17.5-42.5T660-440q-25 0-42.5 17.5T600-380q0 25 17.5 42.5T660-320Zm-460 40h560v-200H200v200Z""/></svg>";#999999;gray
171;Mobilität;"<svg xmlns=""http://www.w3.org/2000/svg"" height=""24px"" viewBox=""0 -960 960 960"" width=""24px"" fill=""#8B1A10""><path d=""M240-200v40q0 17-11.5 28.5T200-120h-40q-17 0-28.5-11.5T120-160v-320l84-240q6-18 21.5-29t34.5-11h440q19 0 34.5 11t21.5 29l84 240v320q0 17-11.5 28.5T800-120h-40q-17 0-28.5-11.5T720-160v-40H240Zm-8-360h496l-42-120H274l-42 120Zm-32 80v200-200Zm100 160q25 0 42.5-17.5T360-380q0-25-17.5-42.5T300-440q-25 0-42.5 17.5T240-380q0 25 17.5 42.5T300-320Zm360 0q25 0 42.5-17.5T720-380q0-25-17.5-42.5T660-440q-25 0-42.5 17.5T600-380q0 25 17.5 42.5T660-320Zm-460 40h560v-200H200v200Z""/></svg>";#8B1A10;brown
172;Mobilität;"<svg xmlns=""http://www.w3.org/2000/svg"" height=""24px"" viewBox=""0 -960 960 960"" width=""24px"" fill=""#EA3323""><path d=""M240-200v40q0 17-11.5 28.5T200-120h-40q-17 0-28.5-11.5T120-160v-320l84-240q6-18 21.5-29t34.5-11h440q19 0 34.5 11t21.5 29l84 240v320q0 17-11.5 28.5T800-120h-40q-17 0-28.5-11.5T720-160v-40H240Zm-8-360h496l-42-120H274l-42 120Zm-32 80v200-200Zm100 160q25 0 42.5-17.5T360-380q0-25-17.5-42.5T300-440q-25 0-42.5 17.5T240-380q0 25 17.5 42.5T300-320Zm360 0q25 0 42.5-17.5T720-380q0-25-17.5-42.5T660-440q-25 0-42.5 17.5T600-380q0 25 17.5 42.5T660-320Zm-460 40h560v-200H200v200Z""/></svg>";#EA3323;red
173;Mobilität;"<svg xmlns=""http://www.w3.org/2000/svg"" height=""24px"" viewBox=""0 -960 960 960"" width=""24px"" fill=""#F19E39""><path d=""M240-200v40q0 17-11.5 28.5T200-120h-40q-17 0-28.5-11.5T120-160v-320l84-240q6-18 21.5-29t34.5-11h440q19 0 34.5 11t21.5 29l84 240v320q0 17-11.5 28.5T800-120h-40q-17 0-28.5-11.5T720-160v-40H240Zm-8-360h496l-42-120H274l-42 120Zm-32 80v200-200Zm100 160q25 0 42.5-17.5T360-380q0-25-17.5-42.5T300-440q-25 0-42.5 17.5T240-380q0 25 17.5 42.5T300-320Zm360 0q25 0 42.5-17.5T720-380q0-25-17.5-42.5T660-440q-25 0-42.5 17.5T600-380q0 25 17.5 42.5T660-320Zm-460 40h560v-200H200v200Z""/></svg>";#F19E39;orange
174;Mobilität;"<svg xmlns=""http://www.w3.org/2000/svg"" height=""24px"" viewBox=""0 -960 960 960"" width=""24px"" fill=""#FFFF55""><path d=""M240-200v40q0 17-11.5 28.5T200-120h-40q-17 0-28.5-11.5T120-160v-320l84-240q6-18 21.5-29t34.5-11h440q19 0 34.5 11t21.5 29l84 240v320q0 17-11.5 28.5T800-120h-40q-17 0-28.5-11.5T720-160v-40H240Zm-8-360h496l-42-120H274l-42 120Zm-32 80v200-200Zm100 160q25 0 42.5-17.5T360-380q0-25-17.5-42.5T300-440q-25 0-42.5 17.5T240-380q0 25 17.5 42.5T300-320Zm360 0q25 0 42.5-17.5T720-380q0-25-17.5-42.5T660-440q-25 0-42.5 17.5T600-380q0 25 17.5 42.5T660-320Zm-460 40h560v-200H200v200Z""/></svg>";#FFFF55;yellow
175;Mobilität;"<svg xmlns=""http://www.w3.org/2000/svg"" height=""24px"" viewBox=""0 -960 960 960"" width=""24px"" fill=""#75FB4C""><path d=""M240-200v40q0 17-11.5 28.5T200-120h-40q-17 0-28.5-11.5T120-160v-320l84-240q6-18 21.5-29t34.5-11h440q19 0 34.5 11t21.5 29l84 240v320q0 17-11.5 28.5T800-120h-40q-17 0-28.5-11.5T720-160v-40H240Zm-8-360h496l-42-120H274l-42 120Zm-32 80v200-200Zm100 160q25 0 42.5-17.5T360-380q0-25-17.5-42.5T300-440q-25 0-42.5 17.5T240-380q0 25 17.5 42.5T300-320Zm360 0q25 0 42.5-17.5T720-380q0-25-17.5-42.5T660-440q-25 0-42.5 17.5T600-380q0 25 17.5 42.5T660-320Zm-460 40h560v-200H200v200Z""/></svg>";#75FB4C;green
176;Mobilität;"<svg xmlns=""http://www.w3.org/2000/svg"" height=""24px"" viewBox=""0 -960 960 960"" width=""24px"" fill=""#75FBFD""><path d=""M240-200v40q0 17-11.5 28.5T200-120h-40q-17 0-28.5-11.5T120-160v-320l84-240q6-18 21.5-29t34.5-11h440q19 0 34.5 11t21.5 29l84 240v320q0 17-11.5 28.5T800-120h-40q-17 0-28.5-11.5T720-160v-40H240Zm-8-360h496l-42-120H274l-42 120Zm-32 80v200-200Zm100 160q25 0 42.5-17.5T360-380q0-25-17.5-42.5T300-440q-25 0-42.5 17.5T240-380q0 25 17.5 42.5T300-320Zm360 0q25 0 42.5-17.5T720-380q0-25-17.5-42.5T660-440q-25 0-42.5 17.5T600-380q0 25 17.5 42.5T660-320Zm-460 40h560v-200H200v200Z""/></svg>";#75FBFD;turquoise
177;Mobilität;"<svg xmlns=""http://www.w3.org/2000/svg"" height=""24px"" viewBox=""0 -960 960 960"" width=""24px"" fill=""#5985E1""><path d=""M240-200v40q0 17-11.5 28.5T200-120h-40q-17 0-28.5-11.5T120-160v-320l84-240q6-18 21.5-29t34.5-11h440q19 0 34.5 11t21.5 29l84 240v320q0 17-11.5 28.5T800-120h-40q-17 0-28.5-11.5T720-160v-40H240Zm-8-360h496l-42-120H274l-42 120Zm-32 80v200-200Zm100 160q25 0 42.5-17.5T360-380q0-25-17.5-42.5T300-440q-25 0-42.5 17.5T240-380q0 25 17.5 42.5T300-320Zm360 0q25 0 42.5-17.5T720-380q0-25-17.5-42.5T660-440q-25 0-42.5 17.5T600-380q0 25 17.5 42.5T660-320Zm-460 40h560v-200H200v200Z""/></svg>";#5985E1;lightblue
178;Mobilität;"<svg xmlns=""http://www.w3.org/2000/svg"" height=""24px"" viewBox=""0 -960 960 960"" width=""24px"" fill=""#0000F5""><path d=""M240-200v40q0 17-11.5 28.5T200-120h-40q-17 0-28.5-11.5T120-160v-320l84-240q6-18 21.5-29t34.5-11h440q19 0 34.5 11t21.5 29l84 240v320q0 17-11.5 28.5T800-120h-40q-17 0-28.5-11.5T720-160v-40H240Zm-8-360h496l-42-120H274l-42 120Zm-32 80v200-200Zm100 160q25 0 42.5-17.5T360-380q0-25-17.5-42.5T300-440q-25 0-42.5 17.5T240-380q0 25 17.5 42.5T300-320Zm360 0q25 0 42.5-17.5T720-380q0-25-17.5-42.5T660-440q-25 0-42.5 17.5T600-380q0 25 17.5 42.5T660-320Zm-460 40h560v-200H200v200Z""/></svg>";#0000F5;blue
179;Mobilität;"<svg xmlns=""http://www.w3.org/2000/svg"" height=""24px"" viewBox=""0 -960 960 960"" width=""24px"" fill=""#8C1AF6""><path d=""M240-200v40q0 17-11.5 28.5T200-120h-40q-17 0-28.5-11.5T120-160v-320l84-240q6-18 21.5-29t34.5-11h440q19 0 34.5 11t21.5 29l84 240v320q0 17-11.5 28.5T800-120h-40q-17 0-28.5-11.5T720-160v-40H240Zm-8-360h496l-42-120H274l-42 120Zm-32 80v200-200Zm100 160q25 0 42.5-17.5T360-380q0-25-17.5-42.5T300-440q-25 0-42.5 17.5T240-380q0 25 17.5 42.5T300-320Zm360 0q25 0 42.5-17.5T720-380q0-25-17.5-42.5T660-440q-25 0-42.5 17.5T600-380q0 25 17.5 42.5T660-320Zm-460 40h560v-200H200v200Z""/></svg>";#8C1AF6;purple
180;Mobilität;"<svg xmlns=""http://www.w3.org/2000/svg"" height=""24px"" viewBox=""0 -960 960 960"" width=""24px"" fill=""#EA33F7""><path d=""M240-200v40q0 17-11.5 28.5T200-120h-40q-17 0-28.5-11.5T120-160v-320l84-240q6-18 21.5-29t34.5-11h440q19 0 34.5 11t21.5 29l84 240v320q0 17-11.5 28.5T800-120h-40q-17 0-28.5-11.5T720-160v-40H240Zm-8-360h496l-42-120H274l-42 120Zm-32 80v200-200Zm100 160q25 0 42.5-17.5T360-380q0-25-17.5-42.5T300-440q-25 0-42.5 17.5T240-380q0 25 17.5 42.5T300-320Zm360 0q25 0 42.5-17.5T720-380q0-25-17.5-42.5T660-440q-25 0-42.5 17.5T600-380q0 25 17.5 42.5T660-320Zm-460 40h560v-200H200v200Z""/></svg>";#EA33F7;pink
181;Transfer;"<svg xmlns=""http://www.w3.org/2000/svg"" height=""24px"" viewBox=""0 -960 960 960"" width=""24px"" fill=""#000000""><path d=""M280-160 80-360l200-200 56 57-103 103h287v80H233l103 103-56 57Zm400-240-56-57 103-103H440v-80h287L624-743l56-57 200 200-200 200Z""/></svg>";#000000;black
182;Transfer;"<svg xmlns=""http://www.w3.org/2000/svg"" height=""24px"" viewBox=""0 -960 960 960"" width=""24px"" fill=""#999999""><path d=""M280-160 80-360l200-200 56 57-103 103h287v80H233l103 103-56 57Zm400-240-56-57 103-103H440v-80h287L624-743l56-57 200 200-200 200Z""/></svg>";#999999;gray
183;Transfer;"<svg xmlns=""http://www.w3.org/2000/svg"" height=""24px"" viewBox=""0 -960 960 960"" width=""24px"" fill=""#8B1A10""><path d=""M280-160 80-360l200-200 56 57-103 103h287v80H233l103 103-56 57Zm400-240-56-57 103-103H440v-80h287L624-743l56-57 200 200-200 200Z""/></svg>";#8B1A10;brown
184;Transfer;"<svg xmlns=""http://www.w3.org/2000/svg"" height=""24px"" viewBox=""0 -960 960 960"" width=""24px"" fill=""#EA3323""><path d=""M280-160 80-360l200-200 56 57-103 103h287v80H233l103 103-56 57Zm400-240-56-57 103-103H440v-80h287L624-743l56-57 200 200-200 200Z""/></svg>";#EA3323;red
185;Transfer;"<svg xmlns=""http://www.w3.org/2000/svg"" height=""24px"" viewBox=""0 -960 960 960"" width=""24px"" fill=""#F19E39""><path d=""M280-160 80-360l200-200 56 57-103 103h287v80H233l103 103-56 57Zm400-240-56-57 103-103H440v-80h287L624-743l56-57 200 200-200 200Z""/></svg>";#F19E39;orange
186;Transfer;"<svg xmlns=""http://www.w3.org/2000/svg"" height=""24px"" viewBox=""0 -960 960 960"" width=""24px"" fill=""#FFFF55""><path d=""M280-160 80-360l200-200 56 57-103 103h287v80H233l103 103-56 57Zm400-240-56-57 103-103H440v-80h287L624-743l56-57 200 200-200 200Z""/></svg>";#FFFF55;yellow
187;Transfer;"<svg xmlns=""http://www.w3.org/2000/svg"" height=""24px"" viewBox=""0 -960 960 960"" width=""24px"" fill=""#75FB4C""><path d=""M280-160 80-360l200-200 56 57-103 103h287v80H233l103 103-56 57Zm400-240-56-57 103-103H440v-80h287L624-743l56-57 200 200-200 200Z""/></svg>";#75FB4C;green
188;Transfer;"<svg xmlns=""http://www.w3.org/2000/svg"" height=""24px"" viewBox=""0 -960 960 960"" width=""24px"" fill=""#75FBFD""><path d=""M280-160 80-360l200-200 56 57-103 103h287v80H233l103 103-56 57Zm400-240-56-57 103-103H440v-80h287L624-743l56-57 200 200-200 200Z""/></svg>";#75FBFD;turquoise
189;Transfer;"<svg xmlns=""http://www.w3.org/2000/svg"" height=""24px"" viewBox=""0 -960 960 960"" width=""24px"" fill=""#5985E1""><path d=""M280-160 80-360l200-200 56 57-103 103h287v80H233l103 103-56 57Zm400-240-56-57 103-103H440v-80h287L624-743l56-57 200 200-200 200Z""/></svg>";#5985E1;lightblue
190;Transfer;"<svg xmlns=""http://www.w3.org/2000/svg"" height=""24px"" viewBox=""0 -960 960 960"" width=""24px"" fill=""#0000F5""><path d=""M280-160 80-360l200-200 56 57-103 103h287v80H233l103 103-56 57Zm400-240-56-57 103-103H440v-80h287L624-743l56-57 200 200-200 200Z""/></svg>";#0000F5;blue
191;Transfer;"<svg xmlns=""http://www.w3.org/2000/svg"" height=""24px"" viewBox=""0 -960 960 960"" width=""24px"" fill=""#8C1AF6""><path d=""M280-160 80-360l200-200 56 57-103 103h287v80H233l103 103-56 57Zm400-240-56-57 103-103H440v-80h287L624-743l56-57 200 200-200 200Z""/></svg>";#8C1AF6;purple
192;Transfer;"<svg xmlns=""http://www.w3.org/2000/svg"" height=""24px"" viewBox=""0 -960 960 960"" width=""24px"" fill=""#EA33F7""><path d=""M280-160 80-360l200-200 56 57-103 103h287v80H233l103 103-56 57Zm400-240-56-57 103-103H440v-80h287L624-743l56-57 200 200-200 200Z""/></svg>";#EA33F7;pink